doc_id,budget_year,fy_start,budget_type,fm_name,fm_party,fm_party_family,topic,prevalence,topic_num
bs199192,1991-92,1991,full,Yashwant Sinha,Janata Dal,Other,topic_1,6.086495799489062e-4,1
bs199192,1991-92,1991,full,Yashwant Sinha,Janata Dal,Other,topic_2,0.9989835435072726,2
bs199192,1991-92,1991,full,Yashwant Sinha,Janata Dal,Other,topic_3,5.351183147403675e-7,3
bs199192,1991-92,1991,full,Yashwant Sinha,Janata Dal,Other,topic_4,2.3968216694221835e-6,4
bs199192,1991-92,1991,full,Yashwant Sinha,Janata Dal,Other,topic_5,1.3781010025387149e-4,5
bs199192,1991-92,1991,full,Yashwant Sinha,Janata Dal,Other,topic_6,1.0759160543435153e-4,6
bs199192,1991-92,1991,full,Yashwant Sinha,Janata Dal,Other,topic_7,8.168065801081926e-5,7
bs199192,1991-92,1991,full,Yashwant Sinha,Janata Dal,Other,topic_8,2.9966308942750428e-5,8
bs199192,1991-92,1991,full,Yashwant Sinha,Janata Dal,Other,topic_9,1.3216325335945018e-5,9
bs199192,1991-92,1991,full,Yashwant Sinha,Janata Dal,Other,topic_10,3.460997481598063e-5,10
bs198889,1988-89,1988,full,N.D. Tiwari,INC,INC,topic_1,1.3685521084659983e-5,1
bs198889,1988-89,1988,full,N.D. Tiwari,INC,INC,topic_2,0.007012452575551014,2
bs198889,1988-89,1988,full,N.D. Tiwari,INC,INC,topic_3,1.9200807828542846e-4,3
bs198889,1988-89,1988,full,N.D. Tiwari,INC,INC,topic_4,4.0857232424823235e-5,4
bs198889,1988-89,1988,full,N.D. Tiwari,INC,INC,topic_5,0.8925805767847551,5
bs198889,1988-89,1988,full,N.D. Tiwari,INC,INC,topic_6,0.09961782967985575,6
bs198889,1988-89,1988,full,N.D. Tiwari,INC,INC,topic_7,2.4383462545206855e-5,7
bs198889,1988-89,1988,full,N.D. Tiwari,INC,INC,topic_8,3.503264808758137e-5,8
bs198889,1988-89,1988,full,N.D. Tiwari,INC,INC,topic_9,2.4050751298366395e-4,9
bs198889,1988-89,1988,full,N.D. Tiwari,INC,INC,topic_10,2.4266650442590195e-4,10
bs198788,1987-88,1987,full,N.D. Tiwari,INC,INC,topic_1,1.8040933494116157e-5,1
bs198788,1987-88,1987,full,N.D. Tiwari,INC,INC,topic_2,0.001367894876095988,2
bs198788,1987-88,1987,full,N.D. Tiwari,INC,INC,topic_3,3.4529975413572357e-4,3
bs198788,1987-88,1987,full,N.D. Tiwari,INC,INC,topic_4,0.0024736906012731217,4
bs198788,1987-88,1987,full,N.D. Tiwari,INC,INC,topic_5,0.9952591369723953,5
bs198788,1987-88,1987,full,N.D. Tiwari,INC,INC,topic_6,2.1375378662838896e-4,6
bs198788,1987-88,1987,full,N.D. Tiwari,INC,INC,topic_7,6.666173699504044e-5,7
bs198788,1987-88,1987,full,N.D. Tiwari,INC,INC,topic_8,3.486885644196019e-5,8
bs198788,1987-88,1987,full,N.D. Tiwari,INC,INC,topic_9,6.729649945710762e-5,9
bs198788,1987-88,1987,full,N.D. Tiwari,INC,INC,topic_10,1.5335598308288608e-4,10
bs199394,1993-94,1993,full,Manmohan Singh,INC,INC,topic_1,3.6245614126809633e-4,1
bs199394,1993-94,1993,full,Manmohan Singh,INC,INC,topic_2,0.7250127234732434,2
bs199394,1993-94,1993,full,Manmohan Singh,INC,INC,topic_3,3.269568963825733e-4,3
bs199394,1993-94,1993,full,Manmohan Singh,INC,INC,topic_4,9.525585186029008e-5,4
bs199394,1993-94,1993,full,Manmohan Singh,INC,INC,topic_5,0.16729966676087585,5
bs199394,1993-94,1993,full,Manmohan Singh,INC,INC,topic_6,0.10184977543877505,6
bs199394,1993-94,1993,full,Manmohan Singh,INC,INC,topic_7,0.003433916598261797,7
bs199394,1993-94,1993,full,Manmohan Singh,INC,INC,topic_8,2.8019267415067367e-4,8
bs199394,1993-94,1993,full,Manmohan Singh,INC,INC,topic_9,3.10901618261781e-4,9
bs199394,1993-94,1993,full,Manmohan Singh,INC,INC,topic_10,0.0010281545469199844,10
bs198687,1986-87,1986,full,V.P. Singh,INC,INC,topic_1,4.912561113095348e-6,1
bs198687,1986-87,1986,full,V.P. Singh,INC,INC,topic_2,6.999345326728999e-4,2
bs198687,1986-87,1986,full,V.P. Singh,INC,INC,topic_3,2.355223559351861e-4,3
bs198687,1986-87,1986,full,V.P. Singh,INC,INC,topic_4,2.5162844663126864e-4,4
bs198687,1986-87,1986,full,V.P. Singh,INC,INC,topic_5,0.9982190754203796,5
bs198687,1986-87,1986,full,V.P. Singh,INC,INC,topic_6,4.317578465284426e-4,6
bs198687,1986-87,1986,full,V.P. Singh,INC,INC,topic_7,1.707751803807154e-5,7
bs198687,1986-87,1986,full,V.P. Singh,INC,INC,topic_8,1.0977194269261956e-5,8
bs198687,1986-87,1986,full,V.P. Singh,INC,INC,topic_9,4.0065485872232953e-5,9
bs198687,1986-87,1986,full,V.P. Singh,INC,INC,topic_10,8.904863856028904e-5,10
bs198990,1989-90,1989,full,S.B. Chavan,INC,INC,topic_1,6.785797468900202e-5,1
bs198990,1989-90,1989,full,S.B. Chavan,INC,INC,topic_2,0.08231072470814822,2
bs198990,1989-90,1989,full,S.B. Chavan,INC,INC,topic_3,3.419565513130617e-4,3
bs198990,1989-90,1989,full,S.B. Chavan,INC,INC,topic_4,3.656197390036932e-4,4
bs198990,1989-90,1989,full,S.B. Chavan,INC,INC,topic_5,0.911607745442549,5
bs198990,1989-90,1989,full,S.B. Chavan,INC,INC,topic_6,0.001462286490741328,6
bs198990,1989-90,1989,full,S.B. Chavan,INC,INC,topic_7,3.342304892222023e-4,7
bs198990,1989-90,1989,full,S.B. Chavan,INC,INC,topic_8,7.889951320356182e-5,8
bs198990,1989-90,1989,full,S.B. Chavan,INC,INC,topic_9,9.863789004166092e-5,9
bs198990,1989-90,1989,full,S.B. Chavan,INC,INC,topic_10,0.0033320412010887264,10
bs201617,2016-17,2016,full,Arun Jaitley,BJP,BJP,topic_1,5.372012158598101e-5,1
bs201617,2016-17,2016,full,Arun Jaitley,BJP,BJP,topic_2,3.712096572977816e-5,2
bs201617,2016-17,2016,full,Arun Jaitley,BJP,BJP,topic_3,7.05892652721768e-5,3
bs201617,2016-17,2016,full,Arun Jaitley,BJP,BJP,topic_4,1.856288895329369e-4,4
bs201617,2016-17,2016,full,Arun Jaitley,BJP,BJP,topic_5,7.21274071890054e-5,5
bs201617,2016-17,2016,full,Arun Jaitley,BJP,BJP,topic_6,4.598682662933521e-4,6
bs201617,2016-17,2016,full,Arun Jaitley,BJP,BJP,topic_7,4.3063913394032675e-5,7
bs201617,2016-17,2016,full,Arun Jaitley,BJP,BJP,topic_8,7.934430043062653e-4,8
bs201617,2016-17,2016,full,Arun Jaitley,BJP,BJP,topic_9,0.9981632378925303,9
bs201617,2016-17,2016,full,Arun Jaitley,BJP,BJP,topic_10,1.2120027416677012e-4,10
bs199091,1990-91,1990,full,Madhu Dandavate,Janata Dal,Other,topic_1,6.0819506185168144e-5,1
bs199091,1990-91,1990,full,Madhu Dandavate,Janata Dal,Other,topic_2,0.38721980030418257,2
bs199091,1990-91,1990,full,Madhu Dandavate,Janata Dal,Other,topic_3,3.4966603939650987e-4,3
bs199091,1990-91,1990,full,Madhu Dandavate,Janata Dal,Other,topic_4,7.191922110917122e-4,4
bs199091,1990-91,1990,full,Madhu Dandavate,Janata Dal,Other,topic_5,0.4769647163173763,5
bs199091,1990-91,1990,full,Madhu Dandavate,Janata Dal,Other,topic_6,0.0014467999828554105,6
bs199091,1990-91,1990,full,Madhu Dandavate,Janata Dal,Other,topic_7,6.411092483167027e-4,7
bs199091,1990-91,1990,full,Madhu Dandavate,Janata Dal,Other,topic_8,1.455907358875228e-4,8
bs199091,1990-91,1990,full,Madhu Dandavate,Janata Dal,Other,topic_9,1.7279175137280777e-4,9
bs199091,1990-91,1990,full,Madhu Dandavate,Janata Dal,Other,topic_10,0.13227951390333542,10
bs198283,1982-83,1982,full,R. Venkataraman,INC,INC,topic_1,3.991916442273691e-6,1
bs198283,1982-83,1982,full,R. Venkataraman,INC,INC,topic_2,2.64467865031484e-4,2
bs198283,1982-83,1982,full,R. Venkataraman,INC,INC,topic_3,4.544329986721768e-4,3
bs198283,1982-83,1982,full,R. Venkataraman,INC,INC,topic_4,5.009748619796581e-4,4
bs198283,1982-83,1982,full,R. Venkataraman,INC,INC,topic_5,0.9985428241430543,5
bs198283,1982-83,1982,full,R. Venkataraman,INC,INC,topic_6,1.014300939228213e-4,6
bs198283,1982-83,1982,full,R. Venkataraman,INC,INC,topic_7,2.283935613969875e-5,7
bs198283,1982-83,1982,full,R. Venkataraman,INC,INC,topic_8,8.752694395326636e-6,8
bs198283,1982-83,1982,full,R. Venkataraman,INC,INC,topic_9,1.6144784010639098e-5,9
bs198283,1982-83,1982,full,R. Venkataraman,INC,INC,topic_10,8.41412863512322e-5,10
bs199293,1992-93,1992,full,Manmohan Singh,INC,INC,topic_1,8.253108503882911e-5,1
bs199293,1992-93,1992,full,Manmohan Singh,INC,INC,topic_2,0.7542108713640119,2
bs199293,1992-93,1992,full,Manmohan Singh,INC,INC,topic_3,3.205324137756022e-5,3
bs199293,1992-93,1992,full,Manmohan Singh,INC,INC,topic_4,4.1415254277470264e-5,4
bs199293,1992-93,1992,full,Manmohan Singh,INC,INC,topic_5,0.003914049255121354,5
bs199293,1992-93,1992,full,Manmohan Singh,INC,INC,topic_6,9.811410801810157e-4,6
bs199293,1992-93,1992,full,Manmohan Singh,INC,INC,topic_7,7.028813893955772e-4,7
bs199293,1992-93,1992,full,Manmohan Singh,INC,INC,topic_8,1.7719366652516527e-4,8
bs199293,1992-93,1992,full,Manmohan Singh,INC,INC,topic_9,1.1702702860745479e-4,9
bs199293,1992-93,1992,full,Manmohan Singh,INC,INC,topic_10,0.2397408366354637,10
bs199596,1995-96,1995,full,Manmohan Singh,INC,INC,topic_1,9.144141328277909e-5,1
bs199596,1995-96,1995,full,Manmohan Singh,INC,INC,topic_2,0.32820204828477506,2
bs199596,1995-96,1995,full,Manmohan Singh,INC,INC,topic_3,2.2095499763639595e-4,3
bs199596,1995-96,1995,full,Manmohan Singh,INC,INC,topic_4,3.2518045368225455e-5,4
bs199596,1995-96,1995,full,Manmohan Singh,INC,INC,topic_5,0.29381173452234827,5
bs199596,1995-96,1995,full,Manmohan Singh,INC,INC,topic_6,0.3741149043608649,6
bs199596,1995-96,1995,full,Manmohan Singh,INC,INC,topic_7,2.2887991983432148e-4,7
bs199596,1995-96,1995,full,Manmohan Singh,INC,INC,topic_8,1.2351681308819023e-4,8
bs199596,1995-96,1995,full,Manmohan Singh,INC,INC,topic_9,5.022573153182836e-4,9
bs199596,1995-96,1995,full,Manmohan Singh,INC,INC,topic_10,0.0026717443274836255,10
Budget_Speech_2020-21,2020-21,2020,full,Nirmala Sitharaman,BJP,BJP,topic_1,1.41881633222749e-4,1
Budget_Speech_2020-21,2020-21,2020,full,Nirmala Sitharaman,BJP,BJP,topic_2,2.6710961635702723e-4,2
Budget_Speech_2020-21,2020-21,2020,full,Nirmala Sitharaman,BJP,BJP,topic_3,2.090700907151548e-4,3
Budget_Speech_2020-21,2020-21,2020,full,Nirmala Sitharaman,BJP,BJP,topic_4,2.1711694057135425e-4,4
Budget_Speech_2020-21,2020-21,2020,full,Nirmala Sitharaman,BJP,BJP,topic_5,1.316782173032717e-4,5
Budget_Speech_2020-21,2020-21,2020,full,Nirmala Sitharaman,BJP,BJP,topic_6,0.003709247964257717,6
Budget_Speech_2020-21,2020-21,2020,full,Nirmala Sitharaman,BJP,BJP,topic_7,0.0017672209700860264,7
Budget_Speech_2020-21,2020-21,2020,full,Nirmala Sitharaman,BJP,BJP,topic_8,2.3180232089766768e-4,8
Budget_Speech_2020-21,2020-21,2020,full,Nirmala Sitharaman,BJP,BJP,topic_9,0.9928566763834918,9
Budget_Speech_2020-21,2020-21,2020,full,Nirmala Sitharaman,BJP,BJP,topic_10,4.6819586309771274e-4,10
bs200304,2003-04,2003,full,Jaswant Singh,BJP,BJP,topic_1,7.811407476313667e-6,1
bs200304,2003-04,2003,full,Jaswant Singh,BJP,BJP,topic_2,5.46867872281586e-4,2
bs200304,2003-04,2003,full,Jaswant Singh,BJP,BJP,topic_3,1.423343967540133e-4,3
bs200304,2003-04,2003,full,Jaswant Singh,BJP,BJP,topic_4,1.9629454858187505e-6,4
bs200304,2003-04,2003,full,Jaswant Singh,BJP,BJP,topic_5,2.962678185465896e-4,5
bs200304,2003-04,2003,full,Jaswant Singh,BJP,BJP,topic_6,0.5826311641032442,6
bs200304,2003-04,2003,full,Jaswant Singh,BJP,BJP,topic_7,1.2471285539432167e-4,7
bs200304,2003-04,2003,full,Jaswant Singh,BJP,BJP,topic_8,1.3790546649562906e-4,8
bs200304,2003-04,2003,full,Jaswant Singh,BJP,BJP,topic_9,0.03654401252475707,9
bs200304,2003-04,2003,full,Jaswant Singh,BJP,BJP,topic_10,0.37956696060956446,10
bs201920,2019-20,2019,full,Nirmala Sitharaman,BJP,BJP,topic_1,5.7691685502806334e-5,1
bs201920,2019-20,2019,full,Nirmala Sitharaman,BJP,BJP,topic_2,3.753901446572705e-5,2
bs201920,2019-20,2019,full,Nirmala Sitharaman,BJP,BJP,topic_3,0.0016111602494440287,3
bs201920,2019-20,2019,full,Nirmala Sitharaman,BJP,BJP,topic_4,3.556548015987006e-4,4
bs201920,2019-20,2019,full,Nirmala Sitharaman,BJP,BJP,topic_5,2.0854174953680705e-4,5
bs201920,2019-20,2019,full,Nirmala Sitharaman,BJP,BJP,topic_6,4.221994973663397e-4,6
bs201920,2019-20,2019,full,Nirmala Sitharaman,BJP,BJP,topic_7,1.288626805678477e-4,7
bs201920,2019-20,2019,full,Nirmala Sitharaman,BJP,BJP,topic_8,1.370313689415629e-4,8
bs201920,2019-20,2019,full,Nirmala Sitharaman,BJP,BJP,topic_9,0.9964382888145414,9
bs201920,2019-20,2019,full,Nirmala Sitharaman,BJP,BJP,topic_10,6.030301380349917e-4,10
Budget_Speech_2023-24,2023-24,2023,full,Nirmala Sitharaman,BJP,BJP,topic_1,1.8913183485969796e-5,1
Budget_Speech_2023-24,2023-24,2023,full,Nirmala Sitharaman,BJP,BJP,topic_2,1.7230218875494917e-5,2
Budget_Speech_2023-24,2023-24,2023,full,Nirmala Sitharaman,BJP,BJP,topic_3,3.278242278614611e-5,3
Budget_Speech_2023-24,2023-24,2023,full,Nirmala Sitharaman,BJP,BJP,topic_4,6.195178461778335e-5,4
Budget_Speech_2023-24,2023-24,2023,full,Nirmala Sitharaman,BJP,BJP,topic_5,3.126531058507127e-5,5
Budget_Speech_2023-24,2023-24,2023,full,Nirmala Sitharaman,BJP,BJP,topic_6,2.6264834688392944e-4,6
Budget_Speech_2023-24,2023-24,2023,full,Nirmala Sitharaman,BJP,BJP,topic_7,1.3645559819003366e-5,7
Budget_Speech_2023-24,2023-24,2023,full,Nirmala Sitharaman,BJP,BJP,topic_8,6.0311982575997405e-5,8
Budget_Speech_2023-24,2023-24,2023,full,Nirmala Sitharaman,BJP,BJP,topic_9,0.9994460718720408,9
Budget_Speech_2023-24,2023-24,2023,full,Nirmala Sitharaman,BJP,BJP,topic_10,5.517931832906633e-5,10
bs198586,1985-86,1985,full,V.P. Singh,INC,INC,topic_1,8.502982808328323e-6,1
bs198586,1985-86,1985,full,V.P. Singh,INC,INC,topic_2,5.322785651212241e-4,2
bs198586,1985-86,1985,full,V.P. Singh,INC,INC,topic_3,6.061603544905726e-4,3
bs198586,1985-86,1985,full,V.P. Singh,INC,INC,topic_4,6.659032478526039e-4,4
bs198586,1985-86,1985,full,V.P. Singh,INC,INC,topic_5,0.9977732648888239,5
bs198586,1985-86,1985,full,V.P. Singh,INC,INC,topic_6,1.7418367682365472e-4,6
bs198586,1985-86,1985,full,V.P. Singh,INC,INC,topic_7,4.819007116683986e-5,7
bs198586,1985-86,1985,full,V.P. Singh,INC,INC,topic_8,1.7310423655427714e-5,8
bs198586,1985-86,1985,full,V.P. Singh,INC,INC,topic_9,2.6260298879322705e-5,9
bs198586,1985-86,1985,full,V.P. Singh,INC,INC,topic_10,1.4794549037801708e-4,10
bs199495,1994-95,1994,full,Manmohan Singh,INC,INC,topic_1,6.072759014575635e-4,1
bs199495,1994-95,1994,full,Manmohan Singh,INC,INC,topic_2,0.5722211980971004,2
bs199495,1994-95,1994,full,Manmohan Singh,INC,INC,topic_3,0.0013480060319103328,3
bs199495,1994-95,1994,full,Manmohan Singh,INC,INC,topic_4,1.51726551531964e-4,4
bs199495,1994-95,1994,full,Manmohan Singh,INC,INC,topic_5,0.11394316335222832,5
bs199495,1994-95,1994,full,Manmohan Singh,INC,INC,topic_6,0.22772835921108386,6
bs199495,1994-95,1994,full,Manmohan Singh,INC,INC,topic_7,0.02860308929052297,7
bs199495,1994-95,1994,full,Manmohan Singh,INC,INC,topic_8,6.518209787185024e-4,8
bs199495,1994-95,1994,full,Manmohan Singh,INC,INC,topic_9,3.8479297878798215e-4,9
bs199495,1994-95,1994,full,Manmohan Singh,INC,INC,topic_10,0.054360567606658305,10
bs199899,1998-99,1998,full,Yashwant Sinha,BJP,BJP,topic_1,1.1191194907032109e-4,1
bs199899,1998-99,1998,full,Yashwant Sinha,BJP,BJP,topic_2,0.133252467480608,2
bs199899,1998-99,1998,full,Yashwant Sinha,BJP,BJP,topic_3,9.179476961849608e-5,3
bs199899,1998-99,1998,full,Yashwant Sinha,BJP,BJP,topic_4,4.208770784590509e-6,4
bs199899,1998-99,1998,full,Yashwant Sinha,BJP,BJP,topic_5,0.0023275289429931243,5
bs199899,1998-99,1998,full,Yashwant Sinha,BJP,BJP,topic_6,0.6493816682242604,6
bs199899,1998-99,1998,full,Yashwant Sinha,BJP,BJP,topic_7,4.321003240643015e-4,7
bs199899,1998-99,1998,full,Yashwant Sinha,BJP,BJP,topic_8,0.0018724884857078453,8
bs199899,1998-99,1998,full,Yashwant Sinha,BJP,BJP,topic_9,0.0013198214877883602,9
bs199899,1998-99,1998,full,Yashwant Sinha,BJP,BJP,topic_10,0.2112060095651044,10
bs197576,1975-76,1975,full,C. Subramaniam,INC,INC,topic_1,5.443759289894991e-5,1
bs197576,1975-76,1975,full,C. Subramaniam,INC,INC,topic_2,8.737838153441145e-5,2
bs197576,1975-76,1975,full,C. Subramaniam,INC,INC,topic_3,0.5832609456492189,3
bs197576,1975-76,1975,full,C. Subramaniam,INC,INC,topic_4,0.001606455898892974,4
bs197576,1975-76,1975,full,C. Subramaniam,INC,INC,topic_5,0.41418765745249253,5
bs197576,1975-76,1975,full,C. Subramaniam,INC,INC,topic_6,1.836529805114853e-4,6
bs197576,1975-76,1975,full,C. Subramaniam,INC,INC,topic_7,3.2476329367363917e-4,7
bs197576,1975-76,1975,full,C. Subramaniam,INC,INC,topic_8,5.5706947007495234e-5,8
bs197576,1975-76,1975,full,C. Subramaniam,INC,INC,topic_9,4.9364542192430584e-5,9
bs197576,1975-76,1975,full,C. Subramaniam,INC,INC,topic_10,1.8963726157706636e-4,10
bs198384,1983-84,1983,full,Pranab Mukherjee,INC,INC,topic_1,1.5594754047954198e-4,1
bs198384,1983-84,1983,full,Pranab Mukherjee,INC,INC,topic_2,5.719348742219792e-4,2
bs198384,1983-84,1983,full,Pranab Mukherjee,INC,INC,topic_3,0.005635839630815497,3
bs198384,1983-84,1983,full,Pranab Mukherjee,INC,INC,topic_4,0.057749488673139206,4
bs198384,1983-84,1983,full,Pranab Mukherjee,INC,INC,topic_5,0.9134516149746225,5
bs198384,1983-84,1983,full,Pranab Mukherjee,INC,INC,topic_6,5.63929043340658e-5,6
bs198384,1983-84,1983,full,Pranab Mukherjee,INC,INC,topic_7,0.021658810590086057,7
bs198384,1983-84,1983,full,Pranab Mukherjee,INC,INC,topic_8,1.5876580106445406e-4,8
bs198384,1983-84,1983,full,Pranab Mukherjee,INC,INC,topic_9,2.9133868152031682e-5,9
bs198384,1983-84,1983,full,Pranab Mukherjee,INC,INC,topic_10,5.320711430844003e-4,10
bs201213,2012-13,2012,full,Pranab Mukherjee,INC,INC,topic_1,9.131501186283465e-5,1
bs201213,2012-13,2012,full,Pranab Mukherjee,INC,INC,topic_2,0.002132917189757008,2
bs201213,2012-13,2012,full,Pranab Mukherjee,INC,INC,topic_3,0.0013974963190159747,3
bs201213,2012-13,2012,full,Pranab Mukherjee,INC,INC,topic_4,1.9181744209310943e-4,4
bs201213,2012-13,2012,full,Pranab Mukherjee,INC,INC,topic_5,0.09550525623061724,5
bs201213,2012-13,2012,full,Pranab Mukherjee,INC,INC,topic_6,0.49138177374668346,6
bs201213,2012-13,2012,full,Pranab Mukherjee,INC,INC,topic_7,7.745438115947367e-5,7
bs201213,2012-13,2012,full,Pranab Mukherjee,INC,INC,topic_8,2.9665314866570737e-4,8
bs201213,2012-13,2012,full,Pranab Mukherjee,INC,INC,topic_9,0.4082009531078038,9
bs201213,2012-13,2012,full,Pranab Mukherjee,INC,INC,topic_10,7.243634223413589e-4,10
bs201718,2017-18,2017,full,Arun Jaitley,BJP,BJP,topic_1,0.004586872570938913,1
bs201718,2017-18,2017,full,Arun Jaitley,BJP,BJP,topic_2,0.04237337637409185,2
bs201718,2017-18,2017,full,Arun Jaitley,BJP,BJP,topic_3,1.0113717860705734e-4,3
bs201718,2017-18,2017,full,Arun Jaitley,BJP,BJP,topic_4,3.3146352732089024e-4,4
bs201718,2017-18,2017,full,Arun Jaitley,BJP,BJP,topic_5,5.240499718995447e-4,5
bs201718,2017-18,2017,full,Arun Jaitley,BJP,BJP,topic_6,0.00441490320237767,6
bs201718,2017-18,2017,full,Arun Jaitley,BJP,BJP,topic_7,5.241126660953877e-4,7
bs201718,2017-18,2017,full,Arun Jaitley,BJP,BJP,topic_8,0.0030525915916055626,8
bs201718,2017-18,2017,full,Arun Jaitley,BJP,BJP,topic_9,0.9436610652848693,9
bs201718,2017-18,2017,full,Arun Jaitley,BJP,BJP,topic_10,4.30427632194013e-4,10
bs198081,1980-81,1980,full,R. Venkataraman,INC,INC,topic_1,3.628648768590661e-4,1
bs198081,1980-81,1980,full,R. Venkataraman,INC,INC,topic_2,4.2674222205878437e-4,2
bs198081,1980-81,1980,full,R. Venkataraman,INC,INC,topic_3,0.005172472520495244,3
bs198081,1980-81,1980,full,R. Venkataraman,INC,INC,topic_4,0.17259324571738952,4
bs198081,1980-81,1980,full,R. Venkataraman,INC,INC,topic_5,0.8067343835031295,5
bs198081,1980-81,1980,full,R. Venkataraman,INC,INC,topic_6,9.236213682038611e-5,6
bs198081,1980-81,1980,full,R. Venkataraman,INC,INC,topic_7,7.2624526781104e-4,7
bs198081,1980-81,1980,full,R. Venkataraman,INC,INC,topic_8,0.013327216152617047,8
bs198081,1980-81,1980,full,R. Venkataraman,INC,INC,topic_9,1.705081127457384e-4,9
bs198081,1980-81,1980,full,R. Venkataraman,INC,INC,topic_10,3.93959490073419e-4,10
bs200203,2002-03,2002,full,Jaswant Singh,BJP,BJP,topic_1,2.5061464836331928e-5,1
bs200203,2002-03,2002,full,Jaswant Singh,BJP,BJP,topic_2,7.695586136728562e-4,2
bs200203,2002-03,2002,full,Jaswant Singh,BJP,BJP,topic_3,8.026335548014941e-5,3
bs200203,2002-03,2002,full,Jaswant Singh,BJP,BJP,topic_4,2.299487013129352e-7,4
bs200203,2002-03,2002,full,Jaswant Singh,BJP,BJP,topic_5,5.605145357805088e-4,5
bs200203,2002-03,2002,full,Jaswant Singh,BJP,BJP,topic_6,0.9978199603224953,6
bs200203,2002-03,2002,full,Jaswant Singh,BJP,BJP,topic_7,3.8778254455798555e-5,7
bs200203,2002-03,2002,full,Jaswant Singh,BJP,BJP,topic_8,7.640149512135719e-5,8
bs200203,2002-03,2002,full,Jaswant Singh,BJP,BJP,topic_9,3.9059059027911873e-4,9
bs200203,2002-03,2002,full,Jaswant Singh,BJP,BJP,topic_10,2.3864141917658672e-4,10
bs201516,2015-16,2015,full,Arun Jaitley,BJP,BJP,topic_1,2.0065097802035752e-5,1
bs201516,2015-16,2015,full,Arun Jaitley,BJP,BJP,topic_2,4.178921057779731e-4,2
bs201516,2015-16,2015,full,Arun Jaitley,BJP,BJP,topic_3,1.710917506374504e-4,3
bs201516,2015-16,2015,full,Arun Jaitley,BJP,BJP,topic_4,1.9812510888283534e-4,4
bs201516,2015-16,2015,full,Arun Jaitley,BJP,BJP,topic_5,4.551098553555223e-4,5
bs201516,2015-16,2015,full,Arun Jaitley,BJP,BJP,topic_6,0.0030256084062841465,6
bs201516,2015-16,2015,full,Arun Jaitley,BJP,BJP,topic_7,1.4066208254520413e-4,7
bs201516,2015-16,2015,full,Arun Jaitley,BJP,BJP,topic_8,1.8075132708224556e-4,8
bs201516,2015-16,2015,full,Arun Jaitley,BJP,BJP,topic_9,0.869003871123427,9
bs201516,2015-16,2015,full,Arun Jaitley,BJP,BJP,topic_10,0.12638682314220565,10
bs199697,1996-97,1996,full,P. Chidambaram,TMC,INC,topic_1,6.134900197105329e-6,1
bs199697,1996-97,1996,full,P. Chidambaram,TMC,INC,topic_2,0.0014301459362590153,2
bs199697,1996-97,1996,full,P. Chidambaram,TMC,INC,topic_3,1.23578928595673e-4,3
bs199697,1996-97,1996,full,P. Chidambaram,TMC,INC,topic_4,5.313417416828833e-7,4
bs199697,1996-97,1996,full,P. Chidambaram,TMC,INC,topic_5,5.568118370374255e-4,5
bs199697,1996-97,1996,full,P. Chidambaram,TMC,INC,topic_6,0.5951847639519817,6
bs199697,1996-97,1996,full,P. Chidambaram,TMC,INC,topic_7,1.725634326561914e-4,7
bs199697,1996-97,1996,full,P. Chidambaram,TMC,INC,topic_8,1.0193970859531249e-4,8
bs199697,1996-97,1996,full,P. Chidambaram,TMC,INC,topic_9,5.085137506033765e-4,9
bs199697,1996-97,1996,full,P. Chidambaram,TMC,INC,topic_10,0.4019150162123326,10
bs199798,1997-98,1997,full,P. Chidambaram,TMC,INC,topic_1,5.412459569915271e-6,1
bs199798,1997-98,1997,full,P. Chidambaram,TMC,INC,topic_2,8.673280441814684e-4,2
bs199798,1997-98,1997,full,P. Chidambaram,TMC,INC,topic_3,1.234809388646761e-4,3
bs199798,1997-98,1997,full,P. Chidambaram,TMC,INC,topic_4,7.143980485027639e-7,4
bs199798,1997-98,1997,full,P. Chidambaram,TMC,INC,topic_5,4.26772420365377e-4,5
bs199798,1997-98,1997,full,P. Chidambaram,TMC,INC,topic_6,0.4756629425226799,6
bs199798,1997-98,1997,full,P. Chidambaram,TMC,INC,topic_7,1.7926765207636615e-4,7
bs199798,1997-98,1997,full,P. Chidambaram,TMC,INC,topic_8,1.0332212434507997e-4,8
bs199798,1997-98,1997,full,P. Chidambaram,TMC,INC,topic_9,6.265185290061932e-4,9
bs199798,1997-98,1997,full,P. Chidambaram,TMC,INC,topic_10,0.5220042409108626,10
bs201415,2014-15,2014,full,Arun Jaitley,BJP,BJP,topic_1,5.0516233768008086e-5,1
bs201415,2014-15,2014,full,Arun Jaitley,BJP,BJP,topic_2,3.616118029812835e-4,2
bs201415,2014-15,2014,full,Arun Jaitley,BJP,BJP,topic_3,1.1348884448160221e-4,3
bs201415,2014-15,2014,full,Arun Jaitley,BJP,BJP,topic_4,5.1565979969052764e-6,4
bs201415,2014-15,2014,full,Arun Jaitley,BJP,BJP,topic_5,2.5449846113179077e-4,5
bs201415,2014-15,2014,full,Arun Jaitley,BJP,BJP,topic_6,0.339593327909315,6
bs201415,2014-15,2014,full,Arun Jaitley,BJP,BJP,topic_7,3.144438919108057e-5,7
bs201415,2014-15,2014,full,Arun Jaitley,BJP,BJP,topic_8,1.8562870249213805e-4,8
bs201415,2014-15,2014,full,Arun Jaitley,BJP,BJP,topic_9,0.6591447105696912,9
bs201415,2014-15,2014,full,Arun Jaitley,BJP,BJP,topic_10,2.5961648895135743e-4,10
Budget_Speech_2021-22,2021-22,2021,full,Nirmala Sitharaman,BJP,BJP,topic_1,4.550020960730537e-5,1
Budget_Speech_2021-22,2021-22,2021,full,Nirmala Sitharaman,BJP,BJP,topic_2,2.004759095344747e-4,2
Budget_Speech_2021-22,2021-22,2021,full,Nirmala Sitharaman,BJP,BJP,topic_3,2.1608279053918805e-4,3
Budget_Speech_2021-22,2021-22,2021,full,Nirmala Sitharaman,BJP,BJP,topic_4,4.20761971622964e-4,4
Budget_Speech_2021-22,2021-22,2021,full,Nirmala Sitharaman,BJP,BJP,topic_5,0.005848299439967455,5
Budget_Speech_2021-22,2021-22,2021,full,Nirmala Sitharaman,BJP,BJP,topic_6,9.688346815605002e-4,6
Budget_Speech_2021-22,2021-22,2021,full,Nirmala Sitharaman,BJP,BJP,topic_7,2.6972596890515267e-5,7
Budget_Speech_2021-22,2021-22,2021,full,Nirmala Sitharaman,BJP,BJP,topic_8,1.3697902427371443e-4,8
Budget_Speech_2021-22,2021-22,2021,full,Nirmala Sitharaman,BJP,BJP,topic_9,0.9919774626847122,9
Budget_Speech_2021-22,2021-22,2021,full,Nirmala Sitharaman,BJP,BJP,topic_10,1.5863069129120951e-4,10
bs197980,1979-80,1979,full,Charan Singh,Janata Dal,Other,topic_1,2.778632240509526e-4,1
bs197980,1979-80,1979,full,Charan Singh,Janata Dal,Other,topic_2,5.230158466439455e-4,2
bs197980,1979-80,1979,full,Charan Singh,Janata Dal,Other,topic_3,0.003354153787622352,3
bs197980,1979-80,1979,full,Charan Singh,Janata Dal,Other,topic_4,0.19103370501624786,4
bs197980,1979-80,1979,full,Charan Singh,Janata Dal,Other,topic_5,0.7759372526571633,5
bs197980,1979-80,1979,full,Charan Singh,Janata Dal,Other,topic_6,3.0228953411186045e-5,6
bs197980,1979-80,1979,full,Charan Singh,Janata Dal,Other,topic_7,0.028235047703660934,7
bs197980,1979-80,1979,full,Charan Singh,Janata Dal,Other,topic_8,2.777816033641965e-4,8
bs197980,1979-80,1979,full,Charan Singh,Janata Dal,Other,topic_9,3.599949850092804e-5,9
bs197980,1979-80,1979,full,Charan Singh,Janata Dal,Other,topic_10,2.9495170933420753e-4,10
bs198182,1981-82,1981,full,R. Venkataraman,INC,INC,topic_1,1.7551206834301692e-5,1
bs198182,1981-82,1981,full,R. Venkataraman,INC,INC,topic_2,3.441469075588975e-4,2
bs198182,1981-82,1981,full,R. Venkataraman,INC,INC,topic_3,0.0031250987975191126,3
bs198182,1981-82,1981,full,R. Venkataraman,INC,INC,topic_4,0.0013542631889614325,4
bs198182,1981-82,1981,full,R. Venkataraman,INC,INC,topic_5,0.9946329420053186,5
bs198182,1981-82,1981,full,R. Venkataraman,INC,INC,topic_6,1.7149826192065622e-4,6
bs198182,1981-82,1981,full,R. Venkataraman,INC,INC,topic_7,1.1378796850948481e-4,7
bs198182,1981-82,1981,full,R. Venkataraman,INC,INC,topic_8,3.032304500144165e-5,8
bs198182,1981-82,1981,full,R. Venkataraman,INC,INC,topic_9,3.411998669890305e-5,9
bs198182,1981-82,1981,full,R. Venkataraman,INC,INC,topic_10,1.762686316776403e-4,10
bs198485,1984-85,1984,full,Pranab Mukherjee,INC,INC,topic_1,1.2563930255189181e-05,1
bs198485,1984-85,1984,full,Pranab Mukherjee,INC,INC,topic_2,4.2675300214027747e-4,2
bs198485,1984-85,1984,full,Pranab Mukherjee,INC,INC,topic_3,9.199338661840112e-4,3
bs198485,1984-85,1984,full,Pranab Mukherjee,INC,INC,topic_4,0.0012984633528724343,4
bs198485,1984-85,1984,full,Pranab Mukherjee,INC,INC,topic_5,0.9969006549220706,5
bs198485,1984-85,1984,full,Pranab Mukherjee,INC,INC,topic_6,1.5184785413069723e-4,6
bs198485,1984-85,1984,full,Pranab Mukherjee,INC,INC,topic_7,7.497288385869062e-5,7
bs198485,1984-85,1984,full,Pranab Mukherjee,INC,INC,topic_8,2.52013101671192e-5,8
bs198485,1984-85,1984,full,Pranab Mukherjee,INC,INC,topic_9,3.073287857138096e-5,9
bs198485,1984-85,1984,full,Pranab Mukherjee,INC,INC,topic_10,1.5887599974967584e-4,10
bs201819,2018-19,2018,full,Arun Jaitley,BJP,BJP,topic_1,3.0376058843934694e-5,1
bs201819,2018-19,2018,full,Arun Jaitley,BJP,BJP,topic_2,4.6224134076641076e-5,2
bs201819,2018-19,2018,full,Arun Jaitley,BJP,BJP,topic_3,5.512325866919579e-5,3
bs201819,2018-19,2018,full,Arun Jaitley,BJP,BJP,topic_4,6.74311198690648e-5,4
bs201819,2018-19,2018,full,Arun Jaitley,BJP,BJP,topic_5,7.865705156569311e-5,5
bs201819,2018-19,2018,full,Arun Jaitley,BJP,BJP,topic_6,0.0010718908860571268,6
bs201819,2018-19,2018,full,Arun Jaitley,BJP,BJP,topic_7,2.4049199652090883e-5,7
bs201819,2018-19,2018,full,Arun Jaitley,BJP,BJP,topic_8,9.486571262736682e-5,8
bs201819,2018-19,2018,full,Arun Jaitley,BJP,BJP,topic_9,0.9984258482705103,9
bs201819,2018-19,2018,full,Arun Jaitley,BJP,BJP,topic_10,1.0553430812779765e-4,10
bs196162,1961-62,1961,full,Morarji Desai,INC,INC,topic_1,2.5717044426717245e-4,1
bs196162,1961-62,1961,full,Morarji Desai,INC,INC,topic_2,9.549695864117262e-5,2
bs196162,1961-62,1961,full,Morarji Desai,INC,INC,topic_3,4.4735140471105034e-4,3
bs196162,1961-62,1961,full,Morarji Desai,INC,INC,topic_4,2.57027536566757e-4,4
bs196162,1961-62,1961,full,Morarji Desai,INC,INC,topic_5,4.454051282674882e-5,5
bs196162,1961-62,1961,full,Morarji Desai,INC,INC,topic_6,1.6227132917016717e-5,6
bs196162,1961-62,1961,full,Morarji Desai,INC,INC,topic_7,0.9984769215473119,7
bs196162,1961-62,1961,full,Morarji Desai,INC,INC,topic_8,1.5589642666601856e-4,8
bs196162,1961-62,1961,full,Morarji Desai,INC,INC,topic_9,4.046518274078543e-6,9
bs196162,1961-62,1961,full,Morarji Desai,INC,INC,topic_10,2.45321517817455e-4,10
bs197778,1977-78,1977,full,H.M. Patel,Janata,Other,topic_1,2.316053563292299e-6,1
bs197778,1977-78,1977,full,H.M. Patel,Janata,Other,topic_2,6.610874616862962e-4,2
bs197778,1977-78,1977,full,H.M. Patel,Janata,Other,topic_3,0.001283675054965949,3
bs197778,1977-78,1977,full,H.M. Patel,Janata,Other,topic_4,8.749020626644471e-4,4
bs197778,1977-78,1977,full,H.M. Patel,Janata,Other,topic_5,0.4562713133630478,5
bs197778,1977-78,1977,full,H.M. Patel,Janata,Other,topic_6,3.5074103789463937e-4,6
bs197778,1977-78,1977,full,H.M. Patel,Janata,Other,topic_7,2.5873425708317023e-4,7
bs197778,1977-78,1977,full,H.M. Patel,Janata,Other,topic_8,4.24111233653172e-5,8
bs197778,1977-78,1977,full,H.M. Patel,Janata,Other,topic_9,6.543221972374944e-5,9
bs197778,1977-78,1977,full,H.M. Patel,Janata,Other,topic_10,0.5401893873660052,10
bs200102,2001-02,2001,full,Yashwant Sinha,BJP,BJP,topic_1,1.0420534312175113e-4,1
bs200102,2001-02,2001,full,Yashwant Sinha,BJP,BJP,topic_2,0.0023985649514700054,2
bs200102,2001-02,2001,full,Yashwant Sinha,BJP,BJP,topic_3,1.5725712531549588e-4,3
bs200102,2001-02,2001,full,Yashwant Sinha,BJP,BJP,topic_4,6.036498680413136e-7,4
bs200102,2001-02,2001,full,Yashwant Sinha,BJP,BJP,topic_5,7.435852114812265e-4,5
bs200102,2001-02,2001,full,Yashwant Sinha,BJP,BJP,topic_6,0.9951278611400763,6
bs200102,2001-02,2001,full,Yashwant Sinha,BJP,BJP,topic_7,1.7868865189707352e-4,7
bs200102,2001-02,2001,full,Yashwant Sinha,BJP,BJP,topic_8,2.370346434557575e-4,8
bs200102,2001-02,2001,full,Yashwant Sinha,BJP,BJP,topic_9,4.119669645079821e-4,9
bs200102,2001-02,2001,full,Yashwant Sinha,BJP,BJP,topic_10,6.402323188064482e-4,10
bs197677,1976-77,1976,full,C. Subramaniam,INC,INC,topic_1,4.1114604652836575e-5,1
bs197677,1976-77,1976,full,C. Subramaniam,INC,INC,topic_2,2.88817493038785e-4,2
bs197677,1976-77,1976,full,C. Subramaniam,INC,INC,topic_3,0.4060105659902626,3
bs197677,1976-77,1976,full,C. Subramaniam,INC,INC,topic_4,0.0013919335456625298,4
bs197677,1976-77,1976,full,C. Subramaniam,INC,INC,topic_5,0.5857188026526164,5
bs197677,1976-77,1976,full,C. Subramaniam,INC,INC,topic_6,3.8316166538012787e-4,6
bs197677,1976-77,1976,full,C. Subramaniam,INC,INC,topic_7,6.014074949582037e-4,7
bs197677,1976-77,1976,full,C. Subramaniam,INC,INC,topic_8,7.944956120597884e-5,8
bs197677,1976-77,1976,full,C. Subramaniam,INC,INC,topic_9,6.687819698368566e-5,9
bs197677,1976-77,1976,full,C. Subramaniam,INC,INC,topic_10,0.005417868795239031,10
bs197172,1971-72,1971,full,Yashwantrao Chavan,INC,INC,topic_1,5.3149747652420445e-5,1
bs197172,1971-72,1971,full,Yashwantrao Chavan,INC,INC,topic_2,1.458532371695829e-6,2
bs197172,1971-72,1971,full,Yashwantrao Chavan,INC,INC,topic_3,1.8792334653927527e-4,3
bs197172,1971-72,1971,full,Yashwantrao Chavan,INC,INC,topic_4,0.9988516722490342,4
bs197172,1971-72,1971,full,Yashwantrao Chavan,INC,INC,topic_5,4.910711190934501e-4,5
bs197172,1971-72,1971,full,Yashwantrao Chavan,INC,INC,topic_6,3.4624421671883664e-8,6
bs197172,1971-72,1971,full,Yashwantrao Chavan,INC,INC,topic_7,2.661242528200061e-4,7
bs197172,1971-72,1971,full,Yashwantrao Chavan,INC,INC,topic_8,1.0100693421521462e-4,8
bs197172,1971-72,1971,full,Yashwantrao Chavan,INC,INC,topic_9,4.096325782416951e-5,9
bs197172,1971-72,1971,full,Yashwantrao Chavan,INC,INC,topic_10,6.595936027342255e-6,10
bs19992000,1999-00,1999,full,Yashwant Sinha,BJP,BJP,topic_1,0.002761247615597698,1
bs19992000,1999-00,1999,full,Yashwant Sinha,BJP,BJP,topic_2,0.011679079615356233,2
bs19992000,1999-00,1999,full,Yashwant Sinha,BJP,BJP,topic_3,3.5747157007940615e-4,3
bs19992000,1999-00,1999,full,Yashwant Sinha,BJP,BJP,topic_4,1.7411017535063962e-6,4
bs19992000,1999-00,1999,full,Yashwant Sinha,BJP,BJP,topic_5,0.0011710420600268567,5
bs19992000,1999-00,1999,full,Yashwant Sinha,BJP,BJP,topic_6,0.9814321835880836,6
bs19992000,1999-00,1999,full,Yashwant Sinha,BJP,BJP,topic_7,6.775333513024479e-4,7
bs19992000,1999-00,1999,full,Yashwant Sinha,BJP,BJP,topic_8,3.612392322073304e-4,8
bs19992000,1999-00,1999,full,Yashwant Sinha,BJP,BJP,topic_9,4.8388224606138615e-4,9
bs19992000,1999-00,1999,full,Yashwant Sinha,BJP,BJP,topic_10,0.0010745796195314244,10
bs200607,2006-07,2006,full,P. Chidambaram,INC,INC,topic_1,4.2314087847504324e-5,1
bs200607,2006-07,2006,full,P. Chidambaram,INC,INC,topic_2,2.3694198144228018e-4,2
bs200607,2006-07,2006,full,P. Chidambaram,INC,INC,topic_3,6.53589890673806e-5,3
bs200607,2006-07,2006,full,P. Chidambaram,INC,INC,topic_4,1.050182756493935e-6,4
bs200607,2006-07,2006,full,P. Chidambaram,INC,INC,topic_5,1.2547773893280446e-4,5
bs200607,2006-07,2006,full,P. Chidambaram,INC,INC,topic_6,0.8341916655694749,6
bs200607,2006-07,2006,full,P. Chidambaram,INC,INC,topic_7,2.200450996765669e-5,7
bs200607,2006-07,2006,full,P. Chidambaram,INC,INC,topic_8,1.638982532216723e-4,8
bs200607,2006-07,2006,full,P. Chidambaram,INC,INC,topic_9,0.16496954487958987,9
bs200607,2006-07,2006,full,P. Chidambaram,INC,INC,topic_10,1.8174380769834397e-4,10
bs197273,1972-73,1972,full,Yashwantrao Chavan,INC,INC,topic_1,7.736308067103668e-5,1
bs197273,1972-73,1972,full,Yashwantrao Chavan,INC,INC,topic_2,1.923669914558157e-6,2
bs197273,1972-73,1972,full,Yashwantrao Chavan,INC,INC,topic_3,2.622097292961483e-4,3
bs197273,1972-73,1972,full,Yashwantrao Chavan,INC,INC,topic_4,0.998537750979725,4
bs197273,1972-73,1972,full,Yashwantrao Chavan,INC,INC,topic_5,5.527203883519729e-4,5
bs197273,1972-73,1972,full,Yashwantrao Chavan,INC,INC,topic_6,5.1183444381844555e-8,6
bs197273,1972-73,1972,full,Yashwantrao Chavan,INC,INC,topic_7,3.712503435210938e-4,7
bs197273,1972-73,1972,full,Yashwantrao Chavan,INC,INC,topic_8,1.4221359319349536e-4,8
bs197273,1972-73,1972,full,Yashwantrao Chavan,INC,INC,topic_9,4.596542052396923e-5,9
bs197273,1972-73,1972,full,Yashwantrao Chavan,INC,INC,topic_10,8.551611357569282e-6,10
bs200001,2000-01,2000,full,Yashwant Sinha,BJP,BJP,topic_1,3.3395511691715916e-5,1
bs200001,2000-01,2000,full,Yashwant Sinha,BJP,BJP,topic_2,0.0012896603460311484,2
bs200001,2000-01,2000,full,Yashwant Sinha,BJP,BJP,topic_3,8.938745200862704e-5,3
bs200001,2000-01,2000,full,Yashwant Sinha,BJP,BJP,topic_4,2.3222510730057114e-7,4
bs200001,2000-01,2000,full,Yashwant Sinha,BJP,BJP,topic_5,4.7424869406310086e-4,5
bs200001,2000-01,2000,full,Yashwant Sinha,BJP,BJP,topic_6,0.997192419296021,6
bs200001,2000-01,2000,full,Yashwant Sinha,BJP,BJP,topic_7,6.177200486643565e-5,7
bs200001,2000-01,2000,full,Yashwant Sinha,BJP,BJP,topic_8,9.941641214215172e-5,8
bs200001,2000-01,2000,full,Yashwant Sinha,BJP,BJP,topic_9,3.6829099747238834e-4,9
bs200001,2000-01,2000,full,Yashwant Sinha,BJP,BJP,topic_10,3.9117706059628676e-4,10
bs196364,1963-64,1963,full,T.T. Krishnamachari,INC,INC,topic_1,5.007029606772794e-4,1
bs196364,1963-64,1963,full,T.T. Krishnamachari,INC,INC,topic_2,1.2747469465191836e-5,2
bs196364,1963-64,1963,full,T.T. Krishnamachari,INC,INC,topic_3,0.23247338838244558,3
bs196364,1963-64,1963,full,T.T. Krishnamachari,INC,INC,topic_4,0.24419190046039774,4
bs196364,1963-64,1963,full,T.T. Krishnamachari,INC,INC,topic_5,7.184992035254604e-4,5
bs196364,1963-64,1963,full,T.T. Krishnamachari,INC,INC,topic_6,2.362836741925359e-6,6
bs196364,1963-64,1963,full,T.T. Krishnamachari,INC,INC,topic_7,0.5212057681611544,7
bs196364,1963-64,1963,full,T.T. Krishnamachari,INC,INC,topic_8,3.817432248456503e-4,8
bs196364,1963-64,1963,full,T.T. Krishnamachari,INC,INC,topic_9,5.0066754388984635e-5,9
bs196364,1963-64,1963,full,T.T. Krishnamachari,INC,INC,topic_10,4.6282054635747344e-4,10
bs200405,2004-05,2004,full,P. Chidambaram,INC,INC,topic_1,1.3697562113445157e-5,1
bs200405,2004-05,2004,full,P. Chidambaram,INC,INC,topic_2,4.562141587833009e-4,2
bs200405,2004-05,2004,full,P. Chidambaram,INC,INC,topic_3,1.7841269626168868e-4,3
bs200405,2004-05,2004,full,P. Chidambaram,INC,INC,topic_4,1.5341648837233867e-6,4
bs200405,2004-05,2004,full,P. Chidambaram,INC,INC,topic_5,2.809056110096293e-4,5
bs200405,2004-05,2004,full,P. Chidambaram,INC,INC,topic_6,0.8636865063493053,6
bs200405,2004-05,2004,full,P. Chidambaram,INC,INC,topic_7,1.507910862873692e-4,7
bs200405,2004-05,2004,full,P. Chidambaram,INC,INC,topic_8,2.1370332118943018e-4,8
bs200405,2004-05,2004,full,P. Chidambaram,INC,INC,topic_9,0.021319079290003595,9
bs200405,2004-05,2004,full,P. Chidambaram,INC,INC,topic_10,0.11369915576016283,10
bs200506,2005-06,2005,full,P. Chidambaram,INC,INC,topic_1,2.5895442217716332e-5,1
bs200506,2005-06,2005,full,P. Chidambaram,INC,INC,topic_2,2.5633762515459723e-4,2
bs200506,2005-06,2005,full,P. Chidambaram,INC,INC,topic_3,5.6128827326168885e-5,3
bs200506,2005-06,2005,full,P. Chidambaram,INC,INC,topic_4,6.190011874567847e-7,4
bs200506,2005-06,2005,full,P. Chidambaram,INC,INC,topic_5,1.404989098832102e-4,5
bs200506,2005-06,2005,full,P. Chidambaram,INC,INC,topic_6,0.9162878082644631,6
bs200506,2005-06,2005,full,P. Chidambaram,INC,INC,topic_7,1.639375709558646e-5,7
bs200506,2005-06,2005,full,P. Chidambaram,INC,INC,topic_8,1.0552565725015764e-4,8
bs200506,2005-06,2005,full,P. Chidambaram,INC,INC,topic_9,0.08293950116938928,9
bs200506,2005-06,2005,full,P. Chidambaram,INC,INC,topic_10,1.7129134603367706e-4,10
bs196970,1969-70,1969,full,Morarji Desai,INC,INC,topic_1,6.35084632485029e-4,1
bs196970,1969-70,1969,full,Morarji Desai,INC,INC,topic_2,3.077503345263134e-5,2
bs196970,1969-70,1969,full,Morarji Desai,INC,INC,topic_3,0.0010922079344728227,3
bs196970,1969-70,1969,full,Morarji Desai,INC,INC,topic_4,0.9250535584843149,4
bs196970,1969-70,1969,full,Morarji Desai,INC,INC,topic_5,7.730205281940195e-4,5
bs196970,1969-70,1969,full,Morarji Desai,INC,INC,topic_6,6.992980937807909e-7,6
bs196970,1969-70,1969,full,Morarji Desai,INC,INC,topic_7,0.0716116587065745,7
bs196970,1969-70,1969,full,Morarji Desai,INC,INC,topic_8,6.081368031934565e-4,8
bs196970,1969-70,1969,full,Morarji Desai,INC,INC,topic_9,6.282662660835987e-5,9
bs196970,1969-70,1969,full,Morarji Desai,INC,INC,topic_10,1.3203195261060152e-4,10
bs197071,1970-71,1970,full,Indira Gandhi,INC,INC,topic_1,6.779300268281929e-5,1
bs197071,1970-71,1970,full,Indira Gandhi,INC,INC,topic_2,2.1658892173137737e-6,2
bs197071,1970-71,1970,full,Indira Gandhi,INC,INC,topic_3,2.7247845722359307e-4,3
bs197071,1970-71,1970,full,Indira Gandhi,INC,INC,topic_4,0.9984339432125743,4
bs197071,1970-71,1970,full,Indira Gandhi,INC,INC,topic_5,6.579334413509121e-4,5
bs197071,1970-71,1970,full,Indira Gandhi,INC,INC,topic_6,5.978710117766601e-8,6
bs197071,1970-71,1970,full,Indira Gandhi,INC,INC,topic_7,3.8176956387579877e-4,7
bs197071,1970-71,1970,full,Indira Gandhi,INC,INC,topic_8,1.2017665450725506e-4,8
bs197071,1970-71,1970,full,Indira Gandhi,INC,INC,topic_9,5.392436460400507e-5,9
bs197071,1970-71,1970,full,Indira Gandhi,INC,INC,topic_10,9.755626863271927e-6,10
bs195758,1957-58,1957,full,T.T. Krishnamachari,INC,INC,topic_1,2.650741494819783e-4,1
bs195758,1957-58,1957,full,T.T. Krishnamachari,INC,INC,topic_2,3.480097521657705e-6,2
bs195758,1957-58,1957,full,T.T. Krishnamachari,INC,INC,topic_3,0.9971597040216644,3
bs195758,1957-58,1957,full,T.T. Krishnamachari,INC,INC,topic_4,2.1308569664301832e-4,4
bs195758,1957-58,1957,full,T.T. Krishnamachari,INC,INC,topic_5,2.817524088316176e-4,5
bs195758,1957-58,1957,full,T.T. Krishnamachari,INC,INC,topic_6,4.488687995905563e-5,6
bs195758,1957-58,1957,full,T.T. Krishnamachari,INC,INC,topic_7,0.0016765417407339097,7
bs195758,1957-58,1957,full,T.T. Krishnamachari,INC,INC,topic_8,2.1964072509372698e-4,8
bs195758,1957-58,1957,full,T.T. Krishnamachari,INC,INC,topic_9,4.633857390943818e-5,9
bs195758,1957-58,1957,full,T.T. Krishnamachari,INC,INC,topic_10,8.949570616123449e-5,10
bs197475_july_,1974-75,1974,special,NA,NA,NA,topic_1,1.341325643893194e-4,1
bs197475_july_,1974-75,1974,special,NA,NA,NA,topic_2,4.956657733008664e-5,2
bs197475_july_,1974-75,1974,special,NA,NA,NA,topic_3,0.6440437711286809,3
bs197475_july_,1974-75,1974,special,NA,NA,NA,topic_4,0.13581798440189896,4
bs197475_july_,1974-75,1974,special,NA,NA,NA,topic_5,0.2181665143047937,5
bs197475_july_,1974-75,1974,special,NA,NA,NA,topic_6,3.269612771089775e-5,6
bs197475_july_,1974-75,1974,special,NA,NA,NA,topic_7,9.671660823334087e-4,7
bs197475_july_,1974-75,1974,special,NA,NA,NA,topic_8,2.07306004377126e-4,8
bs197475_july_,1974-75,1974,special,NA,NA,NA,topic_9,1.7001730727637297e-4,9
bs197475_july_,1974-75,1974,special,NA,NA,NA,topic_10,4.108455012088101e-4,10
bs194950,1949-50,1949,full,John Mathai,INC,INC,topic_1,0.47500044228106303,1
bs194950,1949-50,1949,full,John Mathai,INC,INC,topic_2,9.740940984064893e-5,2
bs194950,1949-50,1949,full,John Mathai,INC,INC,topic_3,2.1669475346730813e-4,3
bs194950,1949-50,1949,full,John Mathai,INC,INC,topic_4,2.4667431344075084e-4,4
bs194950,1949-50,1949,full,John Mathai,INC,INC,topic_5,2.4618473381801657e-5,5
bs194950,1949-50,1949,full,John Mathai,INC,INC,topic_6,1.010705439850468e-4,6
bs194950,1949-50,1949,full,John Mathai,INC,INC,topic_7,0.0010563315921084226,7
bs194950,1949-50,1949,full,John Mathai,INC,INC,topic_8,0.5231202304039694,8
bs194950,1949-50,1949,full,John Mathai,INC,INC,topic_9,1.134408934305688e-4,9
bs194950,1949-50,1949,full,John Mathai,INC,INC,topic_10,2.308733531336801e-5,10
bs196566,1965-66,1965,full,T.T. Krishnamachari,INC,INC,topic_1,1.7590187494016902e-4,1
bs196566,1965-66,1965,full,T.T. Krishnamachari,INC,INC,topic_2,8.15433491442344e-5,2
bs196566,1965-66,1965,full,T.T. Krishnamachari,INC,INC,topic_3,0.37080625701518444,3
bs196566,1965-66,1965,full,T.T. Krishnamachari,INC,INC,topic_4,3.832940334283457e-4,4
bs196566,1965-66,1965,full,T.T. Krishnamachari,INC,INC,topic_5,4.4386078250232733e-4,5
bs196566,1965-66,1965,full,T.T. Krishnamachari,INC,INC,topic_6,2.0571219122370168e-4,6
bs196566,1965-66,1965,full,T.T. Krishnamachari,INC,INC,topic_7,0.06503983396489937,7
bs196566,1965-66,1965,full,T.T. Krishnamachari,INC,INC,topic_8,3.504233327645185e-4,8
bs196566,1965-66,1965,full,T.T. Krishnamachari,INC,INC,topic_9,8.089876952952735e-5,9
bs196566,1965-66,1965,full,T.T. Krishnamachari,INC,INC,topic_10,0.5624322746863832,10
bs196768,1967-68,1967,full,Morarji Desai,INC,INC,topic_1,5.783617364854921e-5,1
bs196768,1967-68,1967,full,Morarji Desai,INC,INC,topic_2,1.3637669423931018e-6,2
bs196768,1967-68,1967,full,Morarji Desai,INC,INC,topic_3,0.9989331047101179,3
bs196768,1967-68,1967,full,Morarji Desai,INC,INC,topic_4,1.7241813181400549e-4,4
bs196768,1967-68,1967,full,Morarji Desai,INC,INC,topic_5,3.462621433595866e-4,5
bs196768,1967-68,1967,full,Morarji Desai,INC,INC,topic_6,2.7851353228284667e-5,6
bs196768,1967-68,1967,full,Morarji Desai,INC,INC,topic_7,3.0268955785421397e-4,7
bs196768,1967-68,1967,full,Morarji Desai,INC,INC,topic_8,6.017877072485268e-5,8
bs196768,1967-68,1967,full,Morarji Desai,INC,INC,topic_9,4.13992836340694e-5,9
bs196768,1967-68,1967,full,Morarji Desai,INC,INC,topic_10,5.689610867671119e-5,10
bs200708,2007-08,2007,full,P. Chidambaram,INC,INC,topic_1,2.522419783078886e-5,1
bs200708,2007-08,2007,full,P. Chidambaram,INC,INC,topic_2,2.1981466020844334e-4,2
bs200708,2007-08,2007,full,P. Chidambaram,INC,INC,topic_3,5.772310608120986e-5,3
bs200708,2007-08,2007,full,P. Chidambaram,INC,INC,topic_4,7.706105811350499e-7,4
bs200708,2007-08,2007,full,P. Chidambaram,INC,INC,topic_5,1.3390771389666648e-4,5
bs200708,2007-08,2007,full,P. Chidambaram,INC,INC,topic_6,0.8538661665483185,6
bs200708,2007-08,2007,full,P. Chidambaram,INC,INC,topic_7,1.5403676281279005e-5,7
bs200708,2007-08,2007,full,P. Chidambaram,INC,INC,topic_8,1.0333592692139732e-4,8
bs200708,2007-08,2007,full,P. Chidambaram,INC,INC,topic_9,0.14540258963225267,9
bs200708,2007-08,2007,full,P. Chidambaram,INC,INC,topic_10,1.7506392762867812e-4,10
bs196263,1962-63,1962,full,Morarji Desai,INC,INC,topic_1,1.622899875391602e-4,1
bs196263,1962-63,1962,full,Morarji Desai,INC,INC,topic_2,4.266368731954283e-4,2
bs196263,1962-63,1962,full,Morarji Desai,INC,INC,topic_3,0.0014657925331683776,3
bs196263,1962-63,1962,full,Morarji Desai,INC,INC,topic_4,5.117792079505678e-4,4
bs196263,1962-63,1962,full,Morarji Desai,INC,INC,topic_5,2.79280005778204e-4,5
bs196263,1962-63,1962,full,Morarji Desai,INC,INC,topic_6,2.3555449697480938e-4,6
bs196263,1962-63,1962,full,Morarji Desai,INC,INC,topic_7,0.3429724083909629,7
bs196263,1962-63,1962,full,Morarji Desai,INC,INC,topic_8,4.720102153019309e-4,8
bs196263,1962-63,1962,full,Morarji Desai,INC,INC,topic_9,7.183094080554307e-5,9
bs196263,1962-63,1962,full,Morarji Desai,INC,INC,topic_10,0.6534024173483229,10
bs196465,1964-65,1964,full,T.T. Krishnamachari,INC,INC,topic_1,8.958307781806684e-5,1
bs196465,1964-65,1964,full,T.T. Krishnamachari,INC,INC,topic_2,2.4959934098256036e-4,2
bs196465,1964-65,1964,full,T.T. Krishnamachari,INC,INC,topic_3,8.807830442419853e-4,3
bs196465,1964-65,1964,full,T.T. Krishnamachari,INC,INC,topic_4,2.4482124825521596e-4,4
bs196465,1964-65,1964,full,T.T. Krishnamachari,INC,INC,topic_5,1.4358917121090362e-4,5
bs196465,1964-65,1964,full,T.T. Krishnamachari,INC,INC,topic_6,1.3973616505405786e-4,6
bs196465,1964-65,1964,full,T.T. Krishnamachari,INC,INC,topic_7,0.2158875591231664,7
bs196465,1964-65,1964,full,T.T. Krishnamachari,INC,INC,topic_8,2.911963383118174e-4,8
bs196465,1964-65,1964,full,T.T. Krishnamachari,INC,INC,topic_9,4.176648794942277e-5,9
bs196465,1964-65,1964,full,T.T. Krishnamachari,INC,INC,topic_10,0.7820313660030096,10
bs197374,1973-74,1973,full,Yashwantrao Chavan,INC,INC,topic_1,1.2110683152829636e-4,1
bs197374,1973-74,1973,full,Yashwantrao Chavan,INC,INC,topic_2,9.058773597287369e-5,2
bs197374,1973-74,1973,full,Yashwantrao Chavan,INC,INC,topic_3,0.0011084674709240557,3
bs197374,1973-74,1973,full,Yashwantrao Chavan,INC,INC,topic_4,0.8943777166612924,4
bs197374,1973-74,1973,full,Yashwantrao Chavan,INC,INC,topic_5,0.1033069539358982,5
bs197374,1973-74,1973,full,Yashwantrao Chavan,INC,INC,topic_6,3.367125647580872e-6,6
bs197374,1973-74,1973,full,Yashwantrao Chavan,INC,INC,topic_7,4.99947964244635e-4,7
bs197374,1973-74,1973,full,Yashwantrao Chavan,INC,INC,topic_8,2.8532551702080866e-4,8
bs197374,1973-74,1973,full,Yashwantrao Chavan,INC,INC,topic_9,1.219947400501387e-4,9
bs197374,1973-74,1973,full,Yashwantrao Chavan,INC,INC,topic_10,8.45320174212431e-5,10
bs197475,1974-75,1974,full,Yashwantrao Chavan,INC,INC,topic_1,1.6553242827618348e-4,1
bs197475,1974-75,1974,full,Yashwantrao Chavan,INC,INC,topic_2,7.29776853173636e-5,2
bs197475,1974-75,1974,full,Yashwantrao Chavan,INC,INC,topic_3,0.08475398112902315,3
bs197475,1974-75,1974,full,Yashwantrao Chavan,INC,INC,topic_4,0.602869773309453,4
bs197475,1974-75,1974,full,Yashwantrao Chavan,INC,INC,topic_5,0.31056799568616456,5
bs197475,1974-75,1974,full,Yashwantrao Chavan,INC,INC,topic_6,1.2341029794998755e-5,6
bs197475,1974-75,1974,full,Yashwantrao Chavan,INC,INC,topic_7,9.395138308497984e-4,7
bs197475,1974-75,1974,full,Yashwantrao Chavan,INC,INC,topic_8,2.849505855372215e-4,8
bs197475,1974-75,1974,full,Yashwantrao Chavan,INC,INC,topic_9,1.4672093687410513e-4,9
bs197475,1974-75,1974,full,Yashwantrao Chavan,INC,INC,topic_10,1.8621337870958682e-4,10
Budget_Speech_2025-26,2025-26,2025,full,NA,NA,NA,topic_1,3.334881664902459e-5,1
Budget_Speech_2025-26,2025-26,2025,full,NA,NA,NA,topic_2,4.4580261758761297e-5,2
Budget_Speech_2025-26,2025-26,2025,full,NA,NA,NA,topic_3,5.2533190926743464e-5,3
Budget_Speech_2025-26,2025-26,2025,full,NA,NA,NA,topic_4,5.984393563447598e-5,4
Budget_Speech_2025-26,2025-26,2025,full,NA,NA,NA,topic_5,6.469679689448584e-5,5
Budget_Speech_2025-26,2025-26,2025,full,NA,NA,NA,topic_6,0.001077280148043986,6
Budget_Speech_2025-26,2025-26,2025,full,NA,NA,NA,topic_7,2.3814506184018728e-5,7
Budget_Speech_2025-26,2025-26,2025,full,NA,NA,NA,topic_8,1.1608813986938438e-4,8
Budget_Speech_2025-26,2025-26,2025,full,NA,NA,NA,topic_9,0.9984313617080047,9
Budget_Speech_2025-26,2025-26,2025,full,NA,NA,NA,topic_10,9.645249603516966e-5,10
bs194849,1948-49,1948,full,R.K. Shanmukham Chetty,INC,INC,topic_1,0.998197705049595,1
bs194849,1948-49,1948,full,R.K. Shanmukham Chetty,INC,INC,topic_2,4.6795773283044966e-5,2
bs194849,1948-49,1948,full,R.K. Shanmukham Chetty,INC,INC,topic_3,9.74647191077868e-5,3
bs194849,1948-49,1948,full,R.K. Shanmukham Chetty,INC,INC,topic_4,7.760693056473282e-4,4
bs194849,1948-49,1948,full,R.K. Shanmukham Chetty,INC,INC,topic_5,4.3186091035753815e-5,5
bs194849,1948-49,1948,full,R.K. Shanmukham Chetty,INC,INC,topic_6,7.4461105867344214e-6,6
bs194849,1948-49,1948,full,R.K. Shanmukham Chetty,INC,INC,topic_7,3.107870989133443e-4,7
bs194849,1948-49,1948,full,R.K. Shanmukham Chetty,INC,INC,topic_8,4.6937340885446963e-4,8
bs194849,1948-49,1948,full,R.K. Shanmukham Chetty,INC,INC,topic_9,4.916870632542105e-5,9
bs194849,1948-49,1948,full,R.K. Shanmukham Chetty,INC,INC,topic_10,2.003736650324622e-6,10
bs,NA,NA,full,NA,NA,NA,topic_1,5.261775671015385e-4,1
bs,NA,NA,full,NA,NA,NA,topic_2,5.746230917553056e-4,2
bs,NA,NA,full,NA,NA,NA,topic_3,2.7692770074472494e-4,3
bs,NA,NA,full,NA,NA,NA,topic_4,3.386595053685396e-5,4
bs,NA,NA,full,NA,NA,NA,topic_5,2.4412227293928399e-4,5
bs,NA,NA,full,NA,NA,NA,topic_6,0.5291952931281396,6
bs,NA,NA,full,NA,NA,NA,topic_7,2.587720614177236e-4,7
bs,NA,NA,full,NA,NA,NA,topic_8,0.06384430204586714,8
bs,NA,NA,full,NA,NA,NA,topic_9,0.404498789158488,9
bs,NA,NA,full,NA,NA,NA,topic_10,5.471270230097348e-4,10
bs201314,2013-14,2013,full,P. Chidambaram,INC,INC,topic_1,5.261775671015385e-4,1
bs201314,2013-14,2013,full,P. Chidambaram,INC,INC,topic_2,5.746230917553056e-4,2
bs201314,2013-14,2013,full,P. Chidambaram,INC,INC,topic_3,2.7692770074472494e-4,3
bs201314,2013-14,2013,full,P. Chidambaram,INC,INC,topic_4,3.386595053685396e-5,4
bs201314,2013-14,2013,full,P. Chidambaram,INC,INC,topic_5,2.4412227293928399e-4,5
bs201314,2013-14,2013,full,P. Chidambaram,INC,INC,topic_6,0.5291952931281396,6
bs201314,2013-14,2013,full,P. Chidambaram,INC,INC,topic_7,2.587720614177236e-4,7
bs201314,2013-14,2013,full,P. Chidambaram,INC,INC,topic_8,0.06384430204586714,8
bs201314,2013-14,2013,full,P. Chidambaram,INC,INC,topic_9,0.404498789158488,9
bs201314,2013-14,2013,full,P. Chidambaram,INC,INC,topic_10,5.471270230097348e-4,10
bs195051,1950-51,1950,full,C.D. Deshmukh,INC,INC,topic_1,3.316359965616388e-4,1
bs195051,1950-51,1950,full,C.D. Deshmukh,INC,INC,topic_2,3.4468141678333686e-5,2
bs195051,1950-51,1950,full,C.D. Deshmukh,INC,INC,topic_3,7.105604754311322e-5,3
bs195051,1950-51,1950,full,C.D. Deshmukh,INC,INC,topic_4,1.239517306268707e-4,4
bs195051,1950-51,1950,full,C.D. Deshmukh,INC,INC,topic_5,2.789163316242958e-5,5
bs195051,1950-51,1950,full,C.D. Deshmukh,INC,INC,topic_6,1.0627508631942796e-4,6
bs195051,1950-51,1950,full,C.D. Deshmukh,INC,INC,topic_7,2.606652738874085e-4,7
bs195051,1950-51,1950,full,C.D. Deshmukh,INC,INC,topic_8,0.9988543169339468,8
bs195051,1950-51,1950,full,C.D. Deshmukh,INC,INC,topic_9,1.1352764493009498e-4,9
bs195051,1950-51,1950,full,C.D. Deshmukh,INC,INC,topic_10,7.621151134470474e-5,10
bs195354,1953-54,1953,full,C.D. Deshmukh,INC,INC,topic_1,0.9980993909783331,1
bs195354,1953-54,1953,full,C.D. Deshmukh,INC,INC,topic_2,9.493223206902874e-5,2
bs195354,1953-54,1953,full,C.D. Deshmukh,INC,INC,topic_3,1.490029318875156e-4,3
bs195354,1953-54,1953,full,C.D. Deshmukh,INC,INC,topic_4,9.208516497763843e-5,4
bs195354,1953-54,1953,full,C.D. Deshmukh,INC,INC,topic_5,2.7352565145259795e-5,5
bs195354,1953-54,1953,full,C.D. Deshmukh,INC,INC,topic_6,4.205765770789184e-5,6
bs195354,1953-54,1953,full,C.D. Deshmukh,INC,INC,topic_7,8.153152944883603e-4,7
bs195354,1953-54,1953,full,C.D. Deshmukh,INC,INC,topic_8,6.136622325377545e-4,8
bs195354,1953-54,1953,full,C.D. Deshmukh,INC,INC,topic_9,6.086596573631787e-5,9
bs195354,1953-54,1953,full,C.D. Deshmukh,INC,INC,topic_10,5.33497711732715e-6,10
Budget_Speech_2022-23,2022-23,2022,full,Nirmala Sitharaman,BJP,BJP,topic_1,3.1814066721037363e-05,1
Budget_Speech_2022-23,2022-23,2022,full,Nirmala Sitharaman,BJP,BJP,topic_2,3.6595013512402376e-5,2
Budget_Speech_2022-23,2022-23,2022,full,Nirmala Sitharaman,BJP,BJP,topic_3,5.62047599397176e-5,3
Budget_Speech_2022-23,2022-23,2022,full,Nirmala Sitharaman,BJP,BJP,topic_4,7.658925069569118e-5,4
Budget_Speech_2022-23,2022-23,2022,full,Nirmala Sitharaman,BJP,BJP,topic_5,6.10806562359494e-5,5
Budget_Speech_2022-23,2022-23,2022,full,Nirmala Sitharaman,BJP,BJP,topic_6,6.339298242282782e-4,6
Budget_Speech_2022-23,2022-23,2022,full,Nirmala Sitharaman,BJP,BJP,topic_7,2.3896738634691306e-5,7
Budget_Speech_2022-23,2022-23,2022,full,Nirmala Sitharaman,BJP,BJP,topic_8,9.988825897034623e-5,8
Budget_Speech_2022-23,2022-23,2022,full,Nirmala Sitharaman,BJP,BJP,topic_9,0.99888469948016545,9
Budget_Speech_2022-23,2022-23,2022,full,Nirmala Sitharaman,BJP,BJP,topic_10,9.530195089724078e-5,10
Budget_Speech_2024-25,2024-25,2024,full,Nirmala Sitharaman,BJP,BJP,topic_1,3.5076171668284007e-5,1
Budget_Speech_2024-25,2024-25,2024,full,Nirmala Sitharaman,BJP,BJP,topic_2,4.346949146160537e-5,2
Budget_Speech_2024-25,2024-25,2024,full,Nirmala Sitharaman,BJP,BJP,topic_3,5.628758636801651e-5,3
Budget_Speech_2024-25,2024-25,2024,full,Nirmala Sitharaman,BJP,BJP,topic_4,6.66743120046108e-5,4
Budget_Speech_2024-25,2024-25,2024,full,Nirmala Sitharaman,BJP,BJP,topic_5,6.881839017380797e-5,5
Budget_Speech_2024-25,2024-25,2024,full,Nirmala Sitharaman,BJP,BJP,topic_6,9.329838113275646e-4,6
Budget_Speech_2024-25,2024-25,2024,full,Nirmala Sitharaman,BJP,BJP,topic_7,2.3708482675149067e-5,7
Budget_Speech_2024-25,2024-25,2024,full,Nirmala Sitharaman,BJP,BJP,topic_8,1.1283856801254927e-4,8
Budget_Speech_2024-25,2024-25,2024,full,Nirmala Sitharaman,BJP,BJP,topic_9,0.998568319590565,9
Budget_Speech_2024-25,2024-25,2024,full,Nirmala Sitharaman,BJP,BJP,topic_10,9.18235957437064e-5,10
bs195152,1951-52,1951,full,C.D. Deshmukh,INC,INC,topic_1,6.552052642648771e-4,1
bs195152,1951-52,1951,full,C.D. Deshmukh,INC,INC,topic_2,3.559097721517027e-5,2
bs195152,1951-52,1951,full,C.D. Deshmukh,INC,INC,topic_3,8.137676319797391e-5,3
bs195152,1951-52,1951,full,C.D. Deshmukh,INC,INC,topic_4,1.4433104673644787e-4,4
bs195152,1951-52,1951,full,C.D. Deshmukh,INC,INC,topic_5,2.2704722172840146e-5,5
bs195152,1951-52,1951,full,C.D. Deshmukh,INC,INC,topic_6,8.078862984951721e-5,6
bs195152,1951-52,1951,full,C.D. Deshmukh,INC,INC,topic_7,5.52191875847468e-4,7
bs195152,1951-52,1951,full,C.D. Deshmukh,INC,INC,topic_8,0.9982847512362679,8
bs195152,1951-52,1951,full,C.D. Deshmukh,INC,INC,topic_9,8.167476437023013e-5,9
bs195152,1951-52,1951,full,C.D. Deshmukh,INC,INC,topic_10,6.138472007795956e-5,10
bs195556,1955-56,1955,full,C.D. Deshmukh,INC,INC,topic_1,0.33145996229231967,1
bs195556,1955-56,1955,full,C.D. Deshmukh,INC,INC,topic_2,3.1669360169750454e-4,2
bs195556,1955-56,1955,full,C.D. Deshmukh,INC,INC,topic_3,9.226308021384673e-4,3
bs195556,1955-56,1955,full,C.D. Deshmukh,INC,INC,topic_4,0.0011190830179861023,4
bs195556,1955-56,1955,full,C.D. Deshmukh,INC,INC,topic_5,4.060798864457675e-5,5
bs195556,1955-56,1955,full,C.D. Deshmukh,INC,INC,topic_6,1.543392362266133e-4,6
bs195556,1955-56,1955,full,C.D. Deshmukh,INC,INC,topic_7,0.3972512791920052,7
bs195556,1955-56,1955,full,C.D. Deshmukh,INC,INC,topic_8,0.2684207982254205,8
bs195556,1955-56,1955,full,C.D. Deshmukh,INC,INC,topic_9,9.512892618709281e-5,9
bs195556,1955-56,1955,full,C.D. Deshmukh,INC,INC,topic_10,2.194767173744412e-4,10
bs195657,1956-57,1956,full,T.T. Krishnamachari,INC,INC,topic_1,0.0016622833347499602,1
bs195657,1956-57,1956,full,T.T. Krishnamachari,INC,INC,topic_2,1.475684663744874e-4,2
bs195657,1956-57,1956,full,T.T. Krishnamachari,INC,INC,topic_3,3.8086652370115194e-4,3
bs195657,1956-57,1956,full,T.T. Krishnamachari,INC,INC,topic_4,4.1295346130413956e-4,4
bs195657,1956-57,1956,full,T.T. Krishnamachari,INC,INC,topic_5,1.82942491654301e-5,5
bs195657,1956-57,1956,full,T.T. Krishnamachari,INC,INC,topic_6,1.0781748434571419e-4,6
bs195657,1956-57,1956,full,T.T. Krishnamachari,INC,INC,topic_7,0.7601449267271925,7
bs195657,1956-57,1956,full,T.T. Krishnamachari,INC,INC,topic_8,0.23678127373787933,8
bs195657,1956-57,1956,full,T.T. Krishnamachari,INC,INC,topic_9,4.5884096580325155e-5,9
bs195657,1956-57,1956,full,T.T. Krishnamachari,INC,INC,topic_10,2.981319187072783e-4,10
bs196061,1960-61,1960,full,Morarji Desai,INC,INC,topic_1,5.093922564110934e-4,1
bs196061,1960-61,1960,full,Morarji Desai,INC,INC,topic_2,9.084828707601763e-5,2
bs196061,1960-61,1960,full,Morarji Desai,INC,INC,topic_3,3.5811321328064533e-4,3
bs196061,1960-61,1960,full,Morarji Desai,INC,INC,topic_4,2.071475937617551e-4,4
bs196061,1960-61,1960,full,Morarji Desai,INC,INC,topic_5,2.728300942592331e-5,5
bs196061,1960-61,1960,full,Morarji Desai,INC,INC,topic_6,1.6563608483334036e-5,6
bs196061,1960-61,1960,full,Morarji Desai,INC,INC,topic_7,0.9983822659199844,7
bs196061,1960-61,1960,full,Morarji Desai,INC,INC,topic_8,2.3608965104463694e-4,8
bs196061,1960-61,1960,full,Morarji Desai,INC,INC,topic_9,4.488762485675105e-6,9
bs196061,1960-61,1960,full,Morarji Desai,INC,INC,topic_10,1.6780769804685292e-4,10
bs196869,1968-69,1968,full,Morarji Desai,INC,INC,topic_1,2.2124681942633283e-4,1
bs196869,1968-69,1968,full,Morarji Desai,INC,INC,topic_2,3.510550137003999e-6,2
bs196869,1968-69,1968,full,Morarji Desai,INC,INC,topic_3,7.56555557973403e-4,3
bs196869,1968-69,1968,full,Morarji Desai,INC,INC,topic_4,0.996663603272519,4
bs196869,1968-69,1968,full,Morarji Desai,INC,INC,topic_5,5.452834362502843e-4,5
bs196869,1968-69,1968,full,Morarji Desai,INC,INC,topic_6,1.2087548797542347e-7,6
bs196869,1968-69,1968,full,Morarji Desai,INC,INC,topic_7,0.001387790932390935,7
bs196869,1968-69,1968,full,Morarji Desai,INC,INC,topic_8,3.356762518448082e-4,8
bs196869,1968-69,1968,full,Morarji Desai,INC,INC,topic_9,6.644309672554652e-5,9
bs196869,1968-69,1968,full,Morarji Desai,INC,INC,topic_10,1.976920724469723e-5,10
Budget_Speech_2026-27,2026-27,2026,full,NA,NA,NA,topic_1,2.947205676253224e-5,1
Budget_Speech_2026-27,2026-27,2026,full,NA,NA,NA,topic_2,4.644732155280912e-5,2
Budget_Speech_2026-27,2026-27,2026,full,NA,NA,NA,topic_3,4.617613449598701e-5,3
Budget_Speech_2026-27,2026-27,2026,full,NA,NA,NA,topic_4,4.701923910359328e-5,4
Budget_Speech_2026-27,2026-27,2026,full,NA,NA,NA,topic_5,6.240362552998654e-5,5
Budget_Speech_2026-27,2026-27,2026,full,NA,NA,NA,topic_6,0.0013452563750111749,6
Budget_Speech_2026-27,2026-27,2026,full,NA,NA,NA,topic_7,2.003257783032129e-5,7
Budget_Speech_2026-27,2026-27,2026,full,NA,NA,NA,topic_8,9.693746108161204e-5,8
Budget_Speech_2026-27,2026-27,2026,full,NA,NA,NA,topic_9,0.9982157751610099,9
Budget_Speech_2026-27,2026-27,2026,full,NA,NA,NA,topic_10,9.048004762118567e-5,10
Budget_Speech_2024-25_interim,2024-25,2024,interim,Nirmala Sitharaman,BJP,BJP,topic_1,5.837159608935088e-5,1
Budget_Speech_2024-25_interim,2024-25,2024,interim,Nirmala Sitharaman,BJP,BJP,topic_2,6.205714169106024e-5,2
Budget_Speech_2024-25_interim,2024-25,2024,interim,Nirmala Sitharaman,BJP,BJP,topic_3,9.42843447694251e-5,3
Budget_Speech_2024-25_interim,2024-25,2024,interim,Nirmala Sitharaman,BJP,BJP,topic_4,1.1093361047598415e-4,4
Budget_Speech_2024-25_interim,2024-25,2024,interim,Nirmala Sitharaman,BJP,BJP,topic_5,9.56371604691354e-5,5
Budget_Speech_2024-25_interim,2024-25,2024,interim,Nirmala Sitharaman,BJP,BJP,topic_6,0.0010530112999607522,6
Budget_Speech_2024-25_interim,2024-25,2024,interim,Nirmala Sitharaman,BJP,BJP,topic_7,4.4300492357201605e-5,7
Budget_Speech_2024-25_interim,2024-25,2024,interim,Nirmala Sitharaman,BJP,BJP,topic_8,1.7960041499523496e-4,8
Budget_Speech_2024-25_interim,2024-25,2024,interim,Nirmala Sitharaman,BJP,BJP,topic_9,0.9981669941964868,9
Budget_Speech_2024-25_interim,2024-25,2024,interim,Nirmala Sitharaman,BJP,BJP,topic_10,1.348097427053794e-4,10
bs194748,1947-48,1947,full,R.K. Shanmukham Chetty,INC,INC,topic_1,4.685493900172421e-4,1
bs194748,1947-48,1947,full,R.K. Shanmukham Chetty,INC,INC,topic_2,2.7709395710481176e-5,2
bs194748,1947-48,1947,full,R.K. Shanmukham Chetty,INC,INC,topic_3,5.24159098927754e-5,3
bs194748,1947-48,1947,full,R.K. Shanmukham Chetty,INC,INC,topic_4,8.845575086112201e-5,4
bs194748,1947-48,1947,full,R.K. Shanmukham Chetty,INC,INC,topic_5,1.6721063054183058e-5,5
bs194748,1947-48,1947,full,R.K. Shanmukham Chetty,INC,INC,topic_6,8.190780434888294e-5,6
bs194748,1947-48,1947,full,R.K. Shanmukham Chetty,INC,INC,topic_7,2.346442739099709e-4,7
bs194748,1947-48,1947,full,R.K. Shanmukham Chetty,INC,INC,topic_8,0.9988903248827882,8
bs194748,1947-48,1947,full,R.K. Shanmukham Chetty,INC,INC,topic_9,8.803378002523523e-5,9
bs194748,1947-48,1947,full,R.K. Shanmukham Chetty,INC,INC,topic_10,5.123774939253919e-5,10
bs195455,1954-55,1954,full,C.D. Deshmukh,INC,INC,topic_1,0.9983521946893716,1
bs195455,1954-55,1954,full,C.D. Deshmukh,INC,INC,topic_2,8.962573112036164e-5,2
bs195455,1954-55,1954,full,C.D. Deshmukh,INC,INC,topic_3,1.2501097179990582e-4,3
bs195455,1954-55,1954,full,C.D. Deshmukh,INC,INC,topic_4,7.686822508171558e-5,4
bs195455,1954-55,1954,full,C.D. Deshmukh,INC,INC,topic_5,2.3025127551924288e-5,5
bs195455,1954-55,1954,full,C.D. Deshmukh,INC,INC,topic_6,3.566405580583437e-5,6
bs195455,1954-55,1954,full,C.D. Deshmukh,INC,INC,topic_7,8.082860352990009e-4,7
bs195455,1954-55,1954,full,C.D. Deshmukh,INC,INC,topic_8,4.315088180745613e-4,8
bs195455,1954-55,1954,full,C.D. Deshmukh,INC,INC,topic_9,5.320987849875744e-5,9
bs195455,1954-55,1954,full,C.D. Deshmukh,INC,INC,topic_10,4.606467395619685e-6,10
bs195960,1959-60,1959,full,Morarji Desai,INC,INC,topic_1,0.06963427290532316,1
bs195960,1959-60,1959,full,Morarji Desai,INC,INC,topic_2,1.5815330420830534e-4,2
bs195960,1959-60,1959,full,Morarji Desai,INC,INC,topic_3,3.864443931903022e-4,3
bs195960,1959-60,1959,full,Morarji Desai,INC,INC,topic_4,2.3825565389558995e-4,4
bs195960,1959-60,1959,full,Morarji Desai,INC,INC,topic_5,1.4292974452075486e-5,5
bs195960,1959-60,1959,full,Morarji Desai,INC,INC,topic_6,2.9548599079837725e-5,6
bs195960,1959-60,1959,full,Morarji Desai,INC,INC,topic_7,0.9286086232292198,7
bs195960,1959-60,1959,full,Morarji Desai,INC,INC,topic_8,8.222590494699288e-4,8
bs195960,1959-60,1959,full,Morarji Desai,INC,INC,topic_9,1.3537092780744731e-5,9
bs195960,1959-60,1959,full,Morarji Desai,INC,INC,topic_10,9.46127983798419e-5,10
bs196566_August_,1965-66,1965,special,NA,NA,NA,topic_1,1.4081246159748024e-4,1
bs196566_August_,1965-66,1965,special,NA,NA,NA,topic_2,5.098784265906054e-6,2
bs196566_August_,1965-66,1965,special,NA,NA,NA,topic_3,0.9972118391211826,3
bs196566_August_,1965-66,1965,special,NA,NA,NA,topic_4,3.645708603783008e-4,4
bs196566_August_,1965-66,1965,special,NA,NA,NA,topic_5,7.161772688823128e-4,5
bs196566_August_,1965-66,1965,special,NA,NA,NA,topic_6,7.018290029997228e-5,6
bs196566_August_,1965-66,1965,special,NA,NA,NA,topic_7,0.001110314442053391,7
bs196566_August_,1965-66,1965,special,NA,NA,NA,topic_8,1.307934658326899e-4,8
bs196566_August_,1965-66,1965,special,NA,NA,NA,topic_9,9.640864981051019e-5,9
bs196566_August_,1965-66,1965,special,NA,NA,NA,topic_10,1.5380204569751237e-4,10
bs197879,1978-79,1978,full,H.M. Patel,Janata,Other,topic_1,1.2940692108730608e-4,1
bs197879,1978-79,1978,full,H.M. Patel,Janata,Other,topic_2,2.4616373100473204e-4,2
bs197879,1978-79,1978,full,H.M. Patel,Janata,Other,topic_3,0.36300350739561227,3
bs197879,1978-79,1978,full,H.M. Patel,Janata,Other,topic_4,0.0016160096195062307,4
bs197879,1978-79,1978,full,H.M. Patel,Janata,Other,topic_5,0.6332791136098123,5
bs197879,1978-79,1978,full,H.M. Patel,Janata,Other,topic_6,3.1116144785970636e-4,6
bs197879,1978-79,1978,full,H.M. Patel,Janata,Other,topic_7,8.659245387976337e-4,7
bs197879,1978-79,1978,full,H.M. Patel,Janata,Other,topic_8,1.0719307051496784e-4,8
bs197879,1978-79,1978,full,H.M. Patel,Janata,Other,topic_9,5.348248011585206e-5,9
bs197879,1978-79,1978,full,H.M. Patel,Janata,Other,topic_10,3.880371856885997e-4,10
bs195859,1958-59,1958,full,Morarji Desai,INC,INC,topic_1,0.07318873360711448,1
bs195859,1958-59,1958,full,Morarji Desai,INC,INC,topic_2,2.2624797392003848e-4,2
bs195859,1958-59,1958,full,Morarji Desai,INC,INC,topic_3,5.713619731068779e-4,3
bs195859,1958-59,1958,full,Morarji Desai,INC,INC,topic_4,3.3510998209827217e-4,4
bs195859,1958-59,1958,full,Morarji Desai,INC,INC,topic_5,2.479207816647201e-5,5
bs195859,1958-59,1958,full,Morarji Desai,INC,INC,topic_6,4.3450785814422965e-5,6
bs195859,1958-59,1958,full,Morarji Desai,INC,INC,topic_7,0.9244139600721569,7
bs195859,1958-59,1958,full,Morarji Desai,INC,INC,topic_8,0.001049009047553839,8
bs195859,1958-59,1958,full,Morarji Desai,INC,INC,topic_9,2.0609015088374135e-5,9
bs195859,1958-59,1958,full,Morarji Desai,INC,INC,topic_10,1.2672546498059914e-4,10
bs196667,1966-67,1966,full,Sachin Chaudhuri,INC,INC,topic_1,3.7809612656352384e-4,1
bs196667,1966-67,1966,full,Sachin Chaudhuri,INC,INC,topic_2,2.0710541700680643e-5,2
bs196667,1966-67,1966,full,Sachin Chaudhuri,INC,INC,topic_3,0.86487405750081,3
bs196667,1966-67,1966,full,Sachin Chaudhuri,INC,INC,topic_4,6.841293299850098e-4,4
bs196667,1966-67,1966,full,Sachin Chaudhuri,INC,INC,topic_5,4.5689162653924064e-4,5
bs196667,1966-67,1966,full,Sachin Chaudhuri,INC,INC,topic_6,5.9656957903059946e-5,6
bs196667,1966-67,1966,full,Sachin Chaudhuri,INC,INC,topic_7,0.13279915668405656,7
bs196667,1966-67,1966,full,Sachin Chaudhuri,INC,INC,topic_8,2.03800419094289e-4,8
bs196667,1966-67,1966,full,Sachin Chaudhuri,INC,INC,topic_9,3.066835718595036e-5,9
bs196667,1966-67,1966,full,Sachin Chaudhuri,INC,INC,topic_10,4.928324561613079e-4,10
bs195657_November_,1956-57,1956,special,NA,NA,NA,topic_1,4.394455647193882e-4,1
bs195657_November_,1956-57,1956,special,NA,NA,NA,topic_2,3.37554085308277e-4,2
bs195657_November_,1956-57,1956,special,NA,NA,NA,topic_3,0.0013170283499964886,3
bs195657_November_,1956-57,1956,special,NA,NA,NA,topic_4,4.943143300027981e-4,4
bs195657_November_,1956-57,1956,special,NA,NA,NA,topic_5,2.9991101181920093e-4,5
bs195657_November_,1956-57,1956,special,NA,NA,NA,topic_6,4.580180517020325e-4,6
bs195657_November_,1956-57,1956,special,NA,NA,NA,topic_7,0.005377517689119344,7
bs195657_November_,1956-57,1956,special,NA,NA,NA,topic_8,0.27556685647132584,8
bs195657_November_,1956-57,1956,special,NA,NA,NA,topic_9,2.527255030550635e-4,9
bs195657_November_,1956-57,1956,special,NA,NA,NA,topic_10,0.7154566289429516,10
bs201920_I_,2019-20,2019,interim,Piyush Goyal,BJP,BJP,topic_1,7.202663387687645e-4,1
bs201920_I_,2019-20,2019,interim,Piyush Goyal,BJP,BJP,topic_2,0.026234835166588758,2
bs201920_I_,2019-20,2019,interim,Piyush Goyal,BJP,BJP,topic_3,8.843976458413961e-5,3
bs201920_I_,2019-20,2019,interim,Piyush Goyal,BJP,BJP,topic_4,5.46222034878916e-5,4
bs201920_I_,2019-20,2019,interim,Piyush Goyal,BJP,BJP,topic_5,7.791983884398519e-4,5
bs201920_I_,2019-20,2019,interim,Piyush Goyal,BJP,BJP,topic_6,0.06755627597051414,6
bs201920_I_,2019-20,2019,interim,Piyush Goyal,BJP,BJP,topic_7,2.3161008465662084e-4,7
bs201920_I_,2019-20,2019,interim,Piyush Goyal,BJP,BJP,topic_8,7.485237120816346e-4,8
bs201920_I_,2019-20,2019,interim,Piyush Goyal,BJP,BJP,topic_9,0.9030212009059216,9
bs201920_I_,2019-20,2019,interim,Piyush Goyal,BJP,BJP,topic_10,5.650274649563804e-4,10
bs199697_I_,1996-97,1996,interim,NA,NA,NA,topic_1,0.0016835507257668696,1
bs199697_I_,1996-97,1996,interim,NA,NA,NA,topic_2,0.4735924727984835,2
bs199697_I_,1996-97,1996,interim,NA,NA,NA,topic_3,5.632832196485822e-4,3
bs199697_I_,1996-97,1996,interim,NA,NA,NA,topic_4,2.7876395408929905e-5,4
bs199697_I_,1996-97,1996,interim,NA,NA,NA,topic_5,0.004710740173224226,5
bs199697_I_,1996-97,1996,interim,NA,NA,NA,topic_6,0.4658946798092805,6
bs199697_I_,1996-97,1996,interim,NA,NA,NA,topic_7,0.04901281165157562,7
bs199697_I_,1996-97,1996,interim,NA,NA,NA,topic_8,0.0026395940979528523,8
bs199697_I_,1996-97,1996,interim,NA,NA,NA,topic_9,5.14959416105657e-4,9
bs199697_I_,1996-97,1996,interim,NA,NA,NA,topic_10,0.0013600317125527959,10
bs196263_I_,1962-63,1962,interim,NA,NA,NA,topic_1,7.226276579800126e-4,1
bs196263_I_,1962-63,1962,interim,NA,NA,NA,topic_2,1.5447165360671508e-4,2
bs196263_I_,1962-63,1962,interim,NA,NA,NA,topic_3,6.601716596007513e-4,3
bs196263_I_,1962-63,1962,interim,NA,NA,NA,topic_4,3.404894283186869e-4,4
bs196263_I_,1962-63,1962,interim,NA,NA,NA,topic_5,5.548696724456416e-5,5
bs196263_I_,1962-63,1962,interim,NA,NA,NA,topic_6,3.458693221987284e-5,6
bs196263_I_,1962-63,1962,interim,NA,NA,NA,topic_7,0.9972698914324857,7
bs196263_I_,1962-63,1962,interim,NA,NA,NA,topic_8,4.360072910547865e-4,8
bs196263_I_,1962-63,1962,interim,NA,NA,NA,topic_9,1.0293514522120754e-5,9
bs196263_I_,1962-63,1962,interim,NA,NA,NA,topic_10,3.159734629673705e-4,10
bs196768_I_,1967-68,1967,interim,NA,NA,NA,topic_1,0.004374484007418425,1
bs196768_I_,1967-68,1967,interim,NA,NA,NA,topic_2,5.81813882866863e-5,2
bs196768_I_,1967-68,1967,interim,NA,NA,NA,topic_3,0.8731512050972322,3
bs196768_I_,1967-68,1967,interim,NA,NA,NA,topic_4,9.257483536397235e-4,4
bs196768_I_,1967-68,1967,interim,NA,NA,NA,topic_5,7.742190033372508e-4,5
bs196768_I_,1967-68,1967,interim,NA,NA,NA,topic_6,1.556966571072456e-4,6
bs196768_I_,1967-68,1967,interim,NA,NA,NA,topic_7,0.11917944952730414,7
bs196768_I_,1967-68,1967,interim,NA,NA,NA,topic_8,9.65898026621441e-4,8
bs196768_I_,1967-68,1967,interim,NA,NA,NA,topic_9,7.433568259165316e-5,9
bs196768_I_,1967-68,1967,interim,NA,NA,NA,topic_10,3.4078225646164904e-4,10
bs198081_I_,1980-81,1980,interim,NA,NA,NA,topic_1,0.0018211101392141716,1
bs198081_I_,1980-81,1980,interim,NA,NA,NA,topic_2,0.13479928821217907,2
bs198081_I_,1980-81,1980,interim,NA,NA,NA,topic_3,0.4315488699339316,3
bs198081_I_,1980-81,1980,interim,NA,NA,NA,topic_4,7.74167135845258e-4,4
bs198081_I_,1980-81,1980,interim,NA,NA,NA,topic_5,0.38160769330736455,5
bs198081_I_,1980-81,1980,interim,NA,NA,NA,topic_6,0.040150958670030955,6
bs198081_I_,1980-81,1980,interim,NA,NA,NA,topic_7,0.006484202287078767,7
bs198081_I_,1980-81,1980,interim,NA,NA,NA,topic_8,9.989870704845453e-4,8
bs198081_I_,1980-81,1980,interim,NA,NA,NA,topic_9,5.704294089736028e-4,9
bs198081_I_,1980-81,1980,interim,NA,NA,NA,topic_10,0.0012442938348976261,10
bs200405_I_,2004-05,2004,interim,Jaswant Singh,BJP,BJP,topic_1,3.0157233705516894e-4,1
bs200405_I_,2004-05,2004,interim,Jaswant Singh,BJP,BJP,topic_2,3.713997582144802e-4,2
bs200405_I_,2004-05,2004,interim,Jaswant Singh,BJP,BJP,topic_3,0.03911797622140857,3
bs200405_I_,2004-05,2004,interim,Jaswant Singh,BJP,BJP,topic_4,1.874761237059854e-5,4
bs200405_I_,2004-05,2004,interim,Jaswant Singh,BJP,BJP,topic_5,0.0011917339205906234,5
bs200405_I_,2004-05,2004,interim,Jaswant Singh,BJP,BJP,topic_6,0.8609877491093615,6
bs200405_I_,2004-05,2004,interim,Jaswant Singh,BJP,BJP,topic_7,4.1659090893040674e-4,7
bs200405_I_,2004-05,2004,interim,Jaswant Singh,BJP,BJP,topic_8,6.792494916138645e-4,8
bs200405_I_,2004-05,2004,interim,Jaswant Singh,BJP,BJP,topic_9,0.09611294118818486,9
bs200405_I_,2004-05,2004,interim,Jaswant Singh,BJP,BJP,topic_10,8.020394522698853e-4,10
bs195253,1952-53,1952,full,C.D. Deshmukh,INC,INC,topic_1,0.0019834365141177417,1
bs195253,1952-53,1952,full,C.D. Deshmukh,INC,INC,topic_2,7.72708622614481e-5,2
bs195253,1952-53,1952,full,C.D. Deshmukh,INC,INC,topic_3,1.5910857690252793e-4,3
bs195253,1952-53,1952,full,C.D. Deshmukh,INC,INC,topic_4,2.437376224553383e-4,4
bs195253,1952-53,1952,full,C.D. Deshmukh,INC,INC,topic_5,5.140175763905838e-5,5
bs195253,1952-53,1952,full,C.D. Deshmukh,INC,INC,topic_6,1.687674885498581e-4,6
bs195253,1952-53,1952,full,C.D. Deshmukh,INC,INC,topic_7,7.043471905603434e-4,7
bs195253,1952-53,1952,full,C.D. Deshmukh,INC,INC,topic_8,0.996327891025648,8
bs195253,1952-53,1952,full,C.D. Deshmukh,INC,INC,topic_9,1.8594830927164566e-4,9
bs195253,1952-53,1952,full,C.D. Deshmukh,INC,INC,topic_10,9.809065259448802e-5,10
bs197172december,1971-72,1971,full,Yashwantrao Chavan,INC,INC,topic_1,0.008473568475049252,1
bs197172december,1971-72,1971,full,Yashwantrao Chavan,INC,INC,topic_2,1.1642816253691285e-4,2
bs197172december,1971-72,1971,full,Yashwantrao Chavan,INC,INC,topic_3,0.0029202249292642553,3
bs197172december,1971-72,1971,full,Yashwantrao Chavan,INC,INC,topic_4,0.8348417368539143,4
bs197172december,1971-72,1971,full,Yashwantrao Chavan,INC,INC,topic_5,0.0013498964555172276,5
bs197172december,1971-72,1971,full,Yashwantrao Chavan,INC,INC,topic_6,1.2408476236906209e-5,6
bs197172december,1971-72,1971,full,Yashwantrao Chavan,INC,INC,topic_7,0.027387139591004007,7
bs197172december,1971-72,1971,full,Yashwantrao Chavan,INC,INC,topic_8,0.12392037013788453,8
bs197172december,1971-72,1971,full,Yashwantrao Chavan,INC,INC,topic_9,6.368187025185798e-4,9
bs197172december,1971-72,1971,full,Yashwantrao Chavan,INC,INC,topic_10,3.4140821607451627e-4,10
bs199192_I_,1991-92,1991,interim,NA,NA,NA,topic_1,0.006375455016281357,1
bs199192_I_,1991-92,1991,interim,NA,NA,NA,topic_2,0.6697306428740554,2
bs199192_I_,1991-92,1991,interim,NA,NA,NA,topic_3,4.6577044744705836e-4,3
bs199192_I_,1991-92,1991,interim,NA,NA,NA,topic_4,8.196462660778815e-4,4
bs199192_I_,1991-92,1991,interim,NA,NA,NA,topic_5,0.0021707144465920192,5
bs199192_I_,1991-92,1991,interim,NA,NA,NA,topic_6,0.0017351903846373805,6
bs199192_I_,1991-92,1991,interim,NA,NA,NA,topic_7,0.29547663727192103,7
bs199192_I_,1991-92,1991,interim,NA,NA,NA,topic_8,0.021280816609720428,8
bs199192_I_,1991-92,1991,interim,NA,NA,NA,topic_9,2.476201789256451e-4,9
bs199192_I_,1991-92,1991,interim,NA,NA,NA,topic_10,0.0016975065043420992,10
bs195758_I_,1957-58,1957,interim,NA,NA,NA,topic_1,0.07579067341075532,1
bs195758_I_,1957-58,1957,interim,NA,NA,NA,topic_2,2.484035676359134e-4,2
bs195758_I_,1957-58,1957,interim,NA,NA,NA,topic_3,0.5499719359531485,3
bs195758_I_,1957-58,1957,interim,NA,NA,NA,topic_4,0.0019511474678859976,4
bs195758_I_,1957-58,1957,interim,NA,NA,NA,topic_5,7.817541355554826e-4,5
bs195758_I_,1957-58,1957,interim,NA,NA,NA,topic_6,4.0032887580491506e-4,6
bs195758_I_,1957-58,1957,interim,NA,NA,NA,topic_7,0.35993440166959184,7
bs195758_I_,1957-58,1957,interim,NA,NA,NA,topic_8,0.009847760573474735,8
bs195758_I_,1957-58,1957,interim,NA,NA,NA,topic_9,2.0378134797370727e-4,9
bs195758_I_,1957-58,1957,interim,NA,NA,NA,topic_10,8.698129981739555e-4,10
bs195253_I_,1952-53,1952,interim,NA,NA,NA,topic_1,0.9930782772990285,1
bs195253_I_,1952-53,1952,interim,NA,NA,NA,topic_2,3.137597252407377e-4,2
bs195253_I_,1952-53,1952,interim,NA,NA,NA,topic_3,4.93650087271976e-4,3
bs195253_I_,1952-53,1952,interim,NA,NA,NA,topic_4,2.9499881073825885e-4,4
bs195253_I_,1952-53,1952,interim,NA,NA,NA,topic_5,1.0524768065213042e-4,5
bs195253_I_,1952-53,1952,interim,NA,NA,NA,topic_6,1.6422496833561412e-4,6
bs195253_I_,1952-53,1952,interim,NA,NA,NA,topic_7,0.0023570182796420346,7
bs195253_I_,1952-53,1952,interim,NA,NA,NA,topic_8,0.0029292146192500257,8
bs195253_I_,1952-53,1952,interim,NA,NA,NA,topic_9,2.3629502513812278e-4,9
bs195253_I_,1952-53,1952,interim,NA,NA,NA,topic_10,2.7313504702864924e-5,10
